Epoch, HIS,ARG,LYS,GLN,GLU,ASP,ASN,GLY,ALA,SER,THR,PRO,CYS,VAL,ILE,MET,LEU,PHE,TYR,TRP
1,0.044282511210762335,0.08941058941058941,0.11703196347031963,0.05612244897959184,0.1665532207200175,0.14891988502658557,0.11933877640683924,0.6621900826446281,0.13940256045519203,0.08905380333951762,0.10032436267801936,0.21905433632639773,0.030559049449810537,0.17891109366358154,0.0978981253550464,0.07661414890330553,0.1755624650934038,0.08025729836714497,0.06873019741652449,0.022815158546017015
2,0.06715639049454078,0.10584372173502694,0.14840966438882813,0.07946732286313961,0.18723177096137503,0.23722016292852505,0.1767911843099813,0.7021294816168074,0.29078292746792356,0.23683013618000376,0.19745634572236856,0.3528920345767825,0.0550453976003203,0.27730581333751886,0.1970585857133873,0.06207040822425438,0.23742171890671027,0.12014264633546483,0.10166557898022302,0.03900859033938882
3,0.07577683615819208,0.10838616272182859,0.14890200111874988,0.08175613534052956,0.19605741932904155,0.2864768924356768,0.19256434699714015,0.7474052692992692,0.305921292448566,0.23065827668896383,0.19214575217408414,0.34408590458067145,0.06646432429651732,0.2552858592692828,0.19606582886524704,0.0578819437582752,0.2573036719378183,0.1276526705172302,0.11957284141123659,0.051767048282727726
4,0.07703809426716961,0.11104643548363625,0.1526522014655611,0.09032425758658782,0.2073166895597194,0.2763489722116483,0.19609426969495392,0.753150139550156,0.27584479095682846,0.22811811795720877,0.19942838343545669,0.3804592441215373,0.060839552714027356,0.25416837741215115,0.19980751231744573,0.06685654783780473,0.2670961292830566,0.12844096225282658,0.12796848835439184,0.05369864107117914
5,0.07873871228250495,0.1169827645090048,0.158373259893613,0.10333935018050541,0.19801650269755633,0.2759675119050497,0.19218402176601534,0.7459759817195317,0.29408636588873716,0.2255285225896457,0.21087523719165086,0.3575778155065082,0.06385196071881889,0.26870474658085275,0.18901932327571072,0.06804526628944758,0.26103431609473177,0.1338944541980791,0.1379492321494538,0.04957531887568956
6,0.07867257903018166,0.11148804934464147,0.15338593276745316,0.09722677506064381,0.19996052274465617,0.3020131377767711,0.19508960916460472,0.7349236340733742,0.29846369378353993,0.23661945231350331,0.2177541271089073,0.36525331543499895,0.06332851668027895,0.2504959342328657,0.20163421853503982,0.07017435390132311,0.2679047569642579,0.13650172612197928,0.1354899944633394,0.054472846086569084
7,0.07432302669483387,0.11227534522239956,0.1558440270532934,0.0890282913048897,0.196256931246725,0.27011850017686595,0.19808104851744102,0.7353065747352868,0.3065093037898375,0.24140969162995596,0.2053412403856678,0.37045865188245614,0.06315436074705927,0.2806708098499359,0.20138220354238576,0.06737238296871324,0.2749084804253037,0.13089839978936899,0.13611376673040154,0.057626428161398444
8,0.08348563743577364,0.11700873362445414,0.16255821747622184,0.09255285579047018,0.1988070207514398,0.29153286921673904,0.20232042365081998,0.7550164658716685,0.31451645631264963,0.2517228515893429,0.22750699264477364,0.4012970578930718,0.06983996837435394,0.2622249933196758,0.19251688960535546,0.0688408914895448,0.25919476731338664,0.13041734278994294,0.13149908962168724,0.051092540489088595
9,0.08122025217802767,0.1226099870057546,0.1607063874774804,0.09687008218219968,0.19873052693459592,0.2776006466533444,0.2047932853555357,0.7464456397848387,0.28180914512922467,0.2360988457665195,0.22621187274516236,0.36035184278502813,0.06712613678071856,0.27240993620865545,0.2147086031452359,0.07035860190649115,0.26152778126280746,0.13410382355773862,0.13851455733808676,0.05324545748373407
10,0.08335977660722219,0.1220874206221739,0.16289014772853494,0.09676188659449664,0.20062477452362992,0.29880817253121456,0.2068722162975974,0.734639106843112,0.2960644218072062,0.2368800366900347,0.21631024930747922,0.3805707654929833,0.06473513100019124,0.2688280114631861,0.19859496908284502,0.06914500178067556,0.2676171374219429,0.13404190455074552,0.15251920915965622,0.053245321209008656
11,0.08031941166785576,0.11842923564426808,0.15740346394094265,0.10750648832102216,0.19760919126469884,0.30336416030022784,0.2010389842366145,0.7563651248465002,0.3081389578163772,0.25170660282158336,0.22866201974300715,0.3696434792707003,0.06390031598402195,0.27377512985943747,0.18528061238126292,0.07011396185020416,0.2834492126037198,0.13777757999198967,0.13873644888606473,0.052789086301259065
12,0.09074684239428885,0.12158495335092741,0.15683601063880862,0.09445390876395987,0.1979653064447001,0.3118384401114206,0.20702399974176472,0.7306287718074647,0.29664936700614536,0.22755149013260473,0.2067583371057794,0.3883013593577993,0.07460352914898369,0.2756677382228043,0.20651475760819696,0.06684230334964246,0.2714937593516789,0.14572079401236576,0.15634659148806088,0.04907306434023991
13,0.08580333489169394,0.12276169580295845,0.1615700737618546,0.09511442336645588,0.19854940357384213,0.2993811309126393,0.20136462963238244,0.7413580794199643,0.30801831708501176,0.24952772530281142,0.22312666864431918,0.39278465183211525,0.061307357303654456,0.2667026467876498,0.20138222595346605,0.06922019924424597,0.2753693689616942,0.13613085166384659,0.130592100283106,0.05143542228651107
14,0.08455935695423812,0.11861210635489346,0.1497874855743519,0.09480020063534526,0.20475405977877148,0.31908112333874555,0.21003354919247874,0.7594114568904485,0.2958969653273907,0.25283429686913433,0.22285886610373945,0.3916919717921048,0.07001368067035285,0.26713650474033057,0.19994894196403246,0.07302761006715962,0.2724270345797954,0.13298329787715565,0.13675493500240732,0.05831669643795313
15,0.08521192908301045,0.11684845671849617,0.16104297537142287,0.09758866782006921,0.20003085392291392,0.2826677454776628,0.2056257843347311,0.761337472247348,0.29046118015539985,0.25075969781852137,0.21572530747958207,0.3921868124960714,0.07160166774538285,0.2575075147173218,0.2055216393825096,0.07280130795570225,0.27107243742962683,0.1373726636548853,0.14607500844689716,0.06268322330004529
16,0.08504089600729574,0.121937028666055,0.16830739917434107,0.09948758900645505,0.1946193122398343,0.29487771112136596,0.2054080992878157,0.7318632919182982,0.2758220116710683,0.2378819222240412,0.2210062878622418,0.4018867434859338,0.06803047893563927,0.26634489673544415,0.21096268582170197,0.06766182718742189,0.28169956914388644,0.14524167763776566,0.13985663348685187,0.054166438693439845
17,0.09229243605525919,0.11536847154764046,0.15424711493589185,0.09904593834445487,0.20295319709953857,0.30904607580667887,0.21308444272943597,0.7584929471391643,0.2927416394999892,0.2566824203920353,0.22169085312225154,0.3768606264576506,0.06872866145770076,0.2609780054697431,0.20713808649190182,0.0714593569519869,0.2825905323101955,0.1427959690542122,0.13674852459511266,0.05714772059051097
18,0.08156421826071948,0.11976490137551159,0.15728672709825878,0.09299952625633176,0.1975853262131414,0.3220654993514916,0.20583838438748606,0.7214464565378448,0.301174398120963,0.249269385634498,0.21426683442056182,0.4080681516839035,0.07198847699188841,0.2778330198512058,0.21759657066723306,0.06506256789924758,0.27877927166803157,0.1383959862766075,0.1383487235198262,0.053599882168632755
19,0.09083407194596411,0.12205306941110709,0.1542394334736964,0.09525793816151346,0.20145297151178226,0.30360167544216704,0.2035349351008009,0.7184396897365759,0.2917578786502003,0.2567279481604998,0.22602223796193238,0.4099037962556385,0.0691634919783227,0.2690885103776474,0.20625865242724353,0.07399211007408833,0.2824188642632101,0.14209458267160754,0.13377758570213716,0.05452098864726081
20,0.08902598950882212,0.11955971232737954,0.16364168006850602,0.1033480816218715,0.20672373459034635,0.32140337743481956,0.21779327331702833,0.7326534731500082,0.32718934780364806,0.24871562405560593,0.22389485991815442,0.4007076429303378,0.07491014360759185,0.2527286968374582,0.19229014463385297,0.06400784214061393,0.27714571282749234,0.14265792523906115,0.1466970483363926,0.05546572291545901
21,0.09360080086246728,0.12276667256324075,0.1550972380054321,0.09976182743314929,0.20511196163829132,0.30625568994667707,0.20757392563402147,0.7394170850344787,0.2928992195308679,0.24504457181701608,0.22744869152978453,0.41843489019486546,0.06733480679826233,0.2703355603366927,0.19607794663881387,0.0706632450593931,0.28609481973035494,0.15469689638487594,0.131714109317325,0.05671464516229859
22,0.088872152137074,0.11574495422667166,0.1605644586705233,0.09997580450036293,0.19762395694538526,0.30626659731157774,0.20771611429945014,0.7480992855505844,0.2885738288096744,0.23564293208046344,0.21691350617361924,0.37523495271484547,0.07859890516348572,0.27537088724202885,0.21038764053728637,0.06752248331882797,0.27919847723087743,0.13476328832678175,0.14526285561914137,0.060865720661922605
23,0.09077426929493913,0.1204441693105316,0.16634316011620182,0.09759648144706684,0.19855079972466674,0.3029093783466775,0.220402563345548,0.7597907793166941,0.30336286051298655,0.262817097659932,0.22849419621561456,0.3940599244398449,0.07428214731585518,0.26020371529095593,0.21354132367467896,0.06760739483790301,0.27306599245311713,0.1442420928667564,0.1431387256013536,0.05267325721000332
24,0.09009613234965348,0.11785961405397094,0.16624327179435586,0.10220977658732575,0.1936770150954144,0.32556607531329473,0.2107861249464241,0.7512279687951459,0.2974577743041987,0.25123784741045935,0.2216235438645646,0.41961196965632974,0.07129421153133639,0.2709824002170301,0.20606536579471998,0.07316917581015565,0.2762126586193233,0.14589944134078212,0.13371738688800533,0.05412855709014829
25,0.0883092481556188,0.11808110662082555,0.16434076473358372,0.10383413802896904,0.19753311017319167,0.3234961752433936,0.21220842409883767,0.7501317817892486,0.2951359144188379,0.25616814454791675,0.2331316115505575,0.382418779477603,0.07162666434348275,0.2780031280597129,0.2110339601505679,0.07074412747084269,0.274626189397372,0.14240691023695576,0.1424058605786934,0.051913982117715016
26,0.09380447414294014,0.11968105207467311,0.15931848601648435,0.09586451358802678,0.199826575086142,0.28655226558995067,0.21037262002102558,0.7134458195490108,0.30353373651132454,0.2546938928017636,0.21366521089639293,0.42677168688729383,0.062406592937358556,0.2683893525558895,0.1998061367738485,0.06508260484461047,0.29123992948820676,0.15262397688974483,0.15884238850403617,0.05112670187727339
27,0.08500776799585708,0.11761197475758042,0.160265856963415,0.09658636830688434,0.2027936550884432,0.3039185156351369,0.20305679920281822,0.7301991045060493,0.3199839271363515,0.2643633313174272,0.23485428973972367,0.3738535702476462,0.08094523630907727,0.2848137819507929,0.21579686309117896,0.07041077591005232,0.2650095923811271,0.14958412297325752,0.13808915629279703,0.05181720880450463
28,0.08521577421648525,0.12259497997851353,0.15875684600515463,0.10013728834713151,0.20134987577344876,0.31727597686513354,0.20432789537548873,0.7316951859893447,0.2876157136572536,0.26394332227916795,0.21737270875763748,0.39524537484790817,0.07423737263577727,0.2740759493670886,0.20007161171107232,0.06898243319005794,0.2892809757093284,0.14312432697938904,0.14780408744119855,0.06054904490556571
29,0.08411940153737966,0.12054521892067019,0.16019997087802748,0.09412270334157086,0.2006841046277666,0.3382621844011534,0.20643988222044315,0.7274088677421189,0.29127970214190096,0.24405981601778787,0.24022522007545444,0.3760609967389846,0.06592917693741357,0.26644344871731745,0.21413981252623235,0.0658021343596921,0.28519221851745535,0.15052743592116222,0.14437232576691567,0.06130631287359673
30,0.08984414790669247,0.12110770398002087,0.16538690279521576,0.09412840944654421,0.2019156354800323,0.2915412022985472,0.19963242199028736,0.7145697875528343,0.300139392919801,0.2446787248925752,0.23857841470749758,0.41586763409507016,0.06337312961249407,0.2633116427133561,0.21248497179321188,0.07055395144904289,0.2858701152656733,0.14113165939958902,0.1550204723555411,0.0481874785133122
31,0.08735814198997097,0.11957292011149431,0.16365649831034798,0.09818902093944538,0.19738102147417294,0.3156222595994882,0.19509342887711179,0.7484444795046,0.29348325622721283,0.2537001801680446,0.22855262370609705,0.3954738964821869,0.07136998740443481,0.27754489532691734,0.20987522254399305,0.0689534946092367,0.2827154058339306,0.14755022646544758,0.1470010605286932,0.057293618552219344
32,0.09031449098549546,0.11787863547284994,0.17008543423242026,0.1016949152542373,0.2006772439668055,0.29546110591522623,0.2061417686446548,0.7497526026204331,0.2827256993971206,0.25336737950845833,0.22955754604543724,0.38716693525912105,0.07601459480220202,0.2658311001741343,0.22029889659667581,0.06719094054734193,0.283698399326032,0.14329230578921326,0.15138692994828395,0.0554880354345595
33,0.08749924256195843,0.12139788691512829,0.1710713925654948,0.09506116006839406,0.19420183386390227,0.32465213185504876,0.20684673641815873,0.732778539447571,0.28024860303341315,0.2533721867898248,0.23530047038494767,0.39879221224552003,0.06974148141089345,0.2723204437301062,0.21558557552752036,0.06973312641514234,0.304741316727701,0.13729501435311975,0.13635526690212751,0.04932285570974754
34,0.0861883763003166,0.12570002024154917,0.1652937083342686,0.10824967263203841,0.19459096115725721,0.3052109181141439,0.20466796105959187,0.7633524057746737,0.30616263989624865,0.2611353711790393,0.23192795935927205,0.38177575365322153,0.06726838598377358,0.25421304295415276,0.2049300987184072,0.07622298065984073,0.2813161106590724,0.15121869543377903,0.13691064826788785,0.05936736333031427
35,0.09116358726081085,0.12698457301823698,0.17485191444324952,0.09960498535721583,0.19422308084466983,0.30554305992902486,0.20845840310910296,0.7367211317452227,0.30144199058384696,0.2515192655805534,0.2317278710709233,0.42651555160241267,0.07324878865825207,0.25652732833902214,0.2134190604583636,0.07040594186195416,0.27633424941863816,0.13954442558007923,0.1562036025436311,0.05087483176312248
36,0.08959340523118879,0.1195530930568508,0.1623082252796199,0.10181518151815182,0.20311036645615843,0.31909119778284595,0.21161324306319426,0.7341560784614795,0.3114920942630399,0.2499277572644084,0.2347770361772103,0.36463604949281014,0.07629726290013371,0.2601233318696424,0.2160720436159578,0.07281059063136457,0.28110682239711265,0.14593499134267277,0.14407920207960767,0.056921048342889316
37,0.0986860276999566,0.11920816695547352,0.16656388829459218,0.09509416414787258,0.20009744367519822,0.3232109961740116,0.21736655049860254,0.7462892884453246,0.3046095142918791,0.23670328224692494,0.21778620103978955,0.41067378427595636,0.07138729914153642,0.26374000505826733,0.2074620989846019,0.06925838162494428,0.2866289032749429,0.15437909121314922,0.1505681281076891,0.05849270588966396
38,0.08283356522573526,0.1262353327560983,0.16713912388714178,0.10559474080668356,0.19433841141429273,0.2998807401803003,0.20961999564048536,0.7677670181773419,0.31937956251870553,0.24816806616976445,0.23482243725133847,0.4138077676999236,0.07040298979129168,0.2607027546602476,0.2114249462128317,0.06873768141910051,0.2856160379629311,0.14889905228912254,0.1561435915696704,0.04984833164812942
39,0.08704248068468562,0.11859931911345793,0.15960759458789164,0.09135689329285755,0.20462430879323432,0.31864206559036956,0.2092228203700266,0.740665289135939,0.3054794680218666,0.2525811885977349,0.22311334929072502,0.39392173756733134,0.07072319871192809,0.28331684199562546,0.21350673493753855,0.07041828019005246,0.2861815547044819,0.1443025005603048,0.15570051049347702,0.05696136468693616
40,0.09047856430707876,0.1244871927465784,0.161123046875,0.09486679662118258,0.19964305738721166,0.3099325726141079,0.21383175699344442,0.7316814463726015,0.3324280114811271,0.2595955286287226,0.2307562782642163,0.3880411370324303,0.07000621436870119,0.2752429464253459,0.2117602657004831,0.06852855565592693,0.27734962834602583,0.14622538618651967,0.14523493351281538,0.051672774559640616
41,0.08944465520763417,0.12535954578424752,0.16542412552555155,0.11108560936424144,0.1944085879873551,0.31772647788426345,0.2184726823323435,0.76599819738621,0.2947605497853344,0.2659390632105503,0.2318942945868599,0.40485248173262595,0.07227617494860708,0.2721884481952344,0.2055328397244631,0.06884589415845964,0.2786118445869483,0.15206227657914315,0.16363295177331583,0.05718416306432682
42,0.09207423976784959,0.11966640806826997,0.16961578274371308,0.10298142717497556,0.20186924681271465,0.31139305291796304,0.21038976988379055,0.7633858508448321,0.28781008751685627,0.2540227351450074,0.22549019607843138,0.39727961712204235,0.07119140483405588,0.2753829826009584,0.22164379239627702,0.06748557880784811,0.3035339532176284,0.15276115017087133,0.14661410619436271,0.05244678769181181
43,0.09126056464664628,0.12402294503277862,0.16396502810618124,0.10084929733023575,0.19887890712005346,0.32047916899363343,0.20699407830775124,0.7458859735957424,0.29195725110265014,0.2592102809284031,0.23268910322682657,0.4254582300970941,0.07644486951769368,0.26653604940405873,0.2076927884014498,0.07011477692935696,0.27832458957719153,0.14628476104278693,0.1526992071670417,0.057676478951227905
44,0.09723454314035561,0.12205926771151458,0.16189361824564097,0.1104472516217139,0.1962743849659129,0.2943962019644176,0.203347930498658,0.7492708487814523,0.29817512490139364,0.2430788881792686,0.23675596736831503,0.4030063967244689,0.06785580801897127,0.27296933520599254,0.21625398092783973,0.07012377850162867,0.2907595549104983,0.14730804127516262,0.1543289413525084,0.05902447035638036
45,0.08587486348986495,0.12392841028726125,0.15866460597768714,0.09840341803463008,0.20172560067871492,0.3066875585980144,0.2202517162471396,0.7433010276140847,0.29841178107408123,0.2689776921842401,0.23524132773399298,0.3827239531464884,0.06871316112187982,0.2791307552733046,0.2147787041078258,0.07270162493557225,0.2776539643233824,0.15483124986364727,0.14368252762212302,0.06048225050234427
46,0.08490634793382407,0.11957311035317417,0.16529022246314423,0.10029691510241055,0.19847154791750296,0.29516939266242886,0.20951252960977435,0.7499134426099774,0.29501125097033476,0.2662585784080756,0.22883500605641113,0.4219134334443161,0.0729283085222108,0.2746984746363959,0.212022936642226,0.06894959244463944,0.2859765249597771,0.15650664038669107,0.14589704383282365,0.05745052386495925
47,0.09254016223954191,0.12661389006817672,0.16860839819542908,0.10543669963959819,0.19790303286186756,0.3143243637521054,0.21093111041207926,0.7548597194388778,0.29458243770400444,0.26120661809568246,0.2308416195194957,0.4109311341183285,0.06964172827082607,0.279361636194608,0.2054500194693219,0.07742758889637325,0.2847705766827352,0.14902718860190803,0.14611654926356235,0.05343849045477998
48,0.08761819225107902,0.11920615633859863,0.1645988065083931,0.0947993321377775,0.20009793623087677,0.3060331474597274,0.20522787448594446,0.7560049937578027,0.3050242149995231,0.26921912260115827,0.24390277358645854,0.399550946220464,0.07000586222410056,0.2811842800916407,0.21180055612691884,0.07085034917719836,0.2956942519555566,0.15019705152532478,0.1613425925925926,0.05694714538646852
49,0.09287237000648808,0.12277191032054845,0.17363422232353165,0.10051405446789893,0.201139442784687,0.3162588920025868,0.20493664919222362,0.748471219473705,0.2887269650244453,0.25904310859188545,0.2202593224280952,0.41016787635110435,0.06988406145946163,0.28798797533257475,0.2211033200979978,0.06917641863546037,0.2742482317845034,0.15572845518797884,0.1473295204575451,0.05836600990786013
50,0.09651613796924782,0.12861505299083886,0.16074433247091602,0.10198314086634508,0.21247113163972287,0.31649593272745663,0.20158144577994633,0.7364525610755072,0.2883350041009751,0.2632709679602125,0.226578347219198,0.39273716598394637,0.06775143422856272,0.27017317324613926,0.2136995251298722,0.06874308449278434,0.28421247980437536,0.14377627818592612,0.14337294492936517,0.058498877898761535
51,0.08475629401205872,0.1213813986269545,0.16696186355177903,0.09728430177434647,0.19886334242363773,0.3273113025588273,0.21092755528822615,0.7513871274571972,0.3217869378580037,0.25918604836524206,0.24196125290334708,0.4046179852982609,0.07064405704391959,0.26908196593825334,0.212466449425844,0.06537628089763838,0.2822560950791648,0.14992597837281155,0.15569065323225229,0.0560447544318512
52,0.0905629668381434,0.12564697002372224,0.17195526920784493,0.10020684900022983,0.197467572141889,0.3210133363729625,0.2074458337444847,0.7603062725013945,0.28758229202560803,0.283427096992513,0.23026751650560848,0.43127001442798324,0.07054605626034198,0.2538743479384971,0.21119081779053084,0.0672059738643435,0.2905898741473725,0.15703955392925598,0.14593485051316377,0.05544891430127289
53,0.09004213163288545,0.1238954573739888,0.16787513400730844,0.09506833036244801,0.19592493970360664,0.31089490059589725,0.20537936926453476,0.7038701039635543,0.2916447341782403,0.2606985418786029,0.2346000119310386,0.40639111025468094,0.0733105944384039,0.27685048169955606,0.22859847679019699,0.07247081712062257,0.28528249244361775,0.14801739130434782,0.14545298999058945,0.05688618616543432
54,0.09016416763877429,0.11709259334498029,0.1657401711313685,0.0968901593901594,0.19642053619380778,0.3144977682878201,0.21238529758548214,0.7394590409832099,0.2972738375203125,0.2407457792161299,0.23710384452507124,0.3984992076367531,0.06938030286757599,0.2872446103041856,0.21647500549847615,0.0703366144124438,0.2904848210240145,0.15363997924952447,0.13845898739774487,0.06739116985956736
55,0.0944236654199252,0.12129176642031851,0.16945442985352016,0.10227881239959541,0.1953367386234006,0.29790481476342445,0.21900935666331872,0.7359000661496131,0.3150420715095113,0.24170242075506895,0.2287773970388569,0.4081062648176415,0.07391144724282253,0.2849093414464439,0.21922823402345953,0.06351550960118169,0.2933356100892814,0.14873510023917397,0.14172332249482708,0.05462978010575925
56,0.09256849839277514,0.11954840458611726,0.17202286792662283,0.09742963164087248,0.20041848327658085,0.3181323265317666,0.2059477252904932,0.7334567996008138,0.3128803920382358,0.24765188079368727,0.23171389548829896,0.3712419419248103,0.0801359530344063,0.25841799904947227,0.20404413099846747,0.06702039663485787,0.2920725783157839,0.14545623174068292,0.16217961454400953,0.058872029047551094
57,0.09363544431803818,0.1191856297236958,0.17104911906033102,0.10284196547144754,0.19143478017222593,0.32435304049136904,0.2143313640827397,0.7328266839575864,0.2972452283064212,0.25791266204240293,0.22139452846474275,0.4245214127282034,0.08060084264517312,0.2868438392268834,0.21168324722827092,0.07728808412101887,0.2863107725522944,0.1440633608815427,0.1428810244236781,0.06332752456748648
58,0.10383159886471145,0.11849037905689982,0.17559331643018,0.09369510954978275,0.19814329993078753,0.3233164222670095,0.2083875767156407,0.7580820374580056,0.29544717424795264,0.2442159733097297,0.22874799977928598,0.4248277958560463,0.06732072002322656,0.2773193577163247,0.2110543685947542,0.07333983317083739,0.3000514403292181,0.15793166061406405,0.15746524722857647,0.05512909086256749
59,0.09078978764018134,0.12305717554482797,0.16599760978150951,0.09726477633558019,0.20152543332497552,0.32197769068435333,0.20783468964416787,0.7382573571840738,0.3152626778098267,0.25662897906992393,0.23806614678789187,0.409006331567386,0.07129969929836284,0.2687152791266851,0.20590509666080845,0.07256602062790433,0.29018534073678126,0.14274810100089871,0.17425807509427774,0.06166065471049467
60,0.08946624343140655,0.11517075479138733,0.1683299989592127,0.09964278999811994,0.1914802148233226,0.29759294650080315,0.2067027832539079,0.7347236525918297,0.31738005489959153,0.26006673725414703,0.2489095337902906,0.43387240167647434,0.07166828456524754,0.2828546562228024,0.2072306480879181,0.06820033849432709,0.30857946128964,0.14267121443317476,0.15877638450985584,0.054490049895904814
61,0.08530935481662369,0.11876631405412831,0.16635455353873516,0.11071492244606881,0.1992471613965388,0.3130024260704216,0.21997904792343614,0.7328872730041497,0.2957088045234249,0.24783308931185943,0.232827332975103,0.4176182381761824,0.06840270506645643,0.27204926777228206,0.2188981612694414,0.07647038697095151,0.29271014399450634,0.15318535708938463,0.1635810794242417,0.059153633854645817
62,0.10024839654469284,0.12170781272006599,0.16822198656769177,0.10150375939849623,0.20316321946186996,0.3186985219451653,0.2054910394265233,0.7295028440010979,0.2979767076628118,0.2519909842223892,0.2473866670208668,0.3896437398275966,0.07934962177201982,0.2690207863761583,0.21346813309030244,0.07214093759331143,0.2831521790812008,0.15100310822266177,0.15240528634361233,0.05738297088094361
63,0.10333786920675578,0.12127682993946065,0.17046759056534552,0.11365769712140175,0.1922219958329773,0.30360595108010424,0.20629648902629405,0.7253863217304218,0.32082210503242775,0.2816851753922087,0.22129889683527812,0.42514230333474384,0.0738971702333367,0.26674305249020913,0.20911970831278673,0.06781593775154279,0.2954783324513436,0.15268252035125954,0.16055413780532263,0.05688155253178675
64,0.09101948446210742,0.12422329249120355,0.17137708883568237,0.10082451714920372,0.19821531851607038,0.32734063822202936,0.20035685361409192,0.7388603235546638,0.30024661543341896,0.2646855563234278,0.24324126040864238,0.40448989425100806,0.07711845213058531,0.27753013042760444,0.2096705853627008,0.07852700028272547,0.29339172882593123,0.14854002997139096,0.15965480043149946,0.051439204390151594
65,0.0869126331196689,0.122475,0.16027945410478717,0.11016456921587608,0.20426038819984585,0.34187824321891014,0.21155705625047963,0.7345098001666076,0.303287172162537,0.26681008329196315,0.2501479175777532,0.4210759323852965,0.08137745974955277,0.2776198255924975,0.20823532064241213,0.07126463838050962,0.2786192077080373,0.1551259896314753,0.14633240811130951,0.05511546401651544
66,0.08927895277762753,0.12836320401602888,0.1702577660277594,0.09358874120406567,0.19450432523560787,0.3155361112290985,0.20912186353738912,0.7217123670956911,0.31362092069464936,0.26806781191788814,0.24391721352852094,0.3989487467497409,0.06128742130283952,0.2744009930424442,0.20818010583908872,0.06895349995021408,0.2908802357875645,0.14459366208397473,0.16530170642855185,0.06461244019138757
67,0.09023315844112118,0.1238965754711075,0.16009132019142117,0.10382082908281555,0.20078273149082107,0.33152707798586684,0.2170692231075697,0.7405294208973762,0.31340213456203864,0.2663532742848846,0.2413846153846154,0.4084203111993341,0.06835474006116207,0.2833662925468523,0.20723432907327557,0.07572472745292369,0.29524811958938457,0.1420190303095098,0.15661101228111537,0.054982678358774496
68,0.09119194433444588,0.11795989672711532,0.17798662051401618,0.11388477540370918,0.19392537147126873,0.3029364061100487,0.20934234403353982,0.7305103890803125,0.29781036073214545,0.2594834199982951,0.22761002808355368,0.411657039008243,0.07940799041834203,0.2752090530306675,0.21754562138578207,0.06943525988625843,0.29461719670200237,0.1491068583531705,0.16355341700901063,0.05776344086021505
69,0.08867439208718941,0.12023827308037048,0.17189311654561204,0.10201527639925775,0.20000630015514131,0.3140337177895262,0.21612278761061948,0.7575500169887874,0.31637836956385396,0.2512101947976204,0.21882563349889678,0.4090174844604112,0.07211814503745444,0.288763151376087,0.20970253743284947,0.0730885270854285,0.2917751846214556,0.1413240237910525,0.15208246151135388,0.06087788911361917
70,0.09690755208333333,0.12103810541310542,0.16379878231360415,0.10215075539714043,0.20405047149233196,0.3229988805917277,0.22169135212613472,0.7699714620075143,0.3088321755982841,0.266990200303547,0.22647657841140528,0.4090048242414936,0.07448280009622324,0.2896574440052701,0.21399450690927818,0.07063188296898114,0.2921508925251023,0.145087986698074,0.1551227510413897,0.05355282350489685
71,0.0981702640517147,0.12331562762091137,0.15992229979858452,0.09908834742250953,0.21131702919935183,0.3232789744008937,0.2235963727570905,0.7370845514694568,0.3081235215968374,0.2599661794498301,0.24051818323708443,0.39909927768760917,0.0772432484754622,0.2744504152418173,0.20739284894165957,0.07490298709502752,0.29028948565263835,0.14900757331036216,0.14697941275734053,0.05551235419540951
72,0.09027338050271178,0.12328014328747049,0.16836330731817667,0.10558210572991082,0.2014947095150061,0.33397322148733666,0.20309645537345408,0.7228399383839799,0.30482308734889974,0.26266651106183625,0.23469986680813598,0.39733316909432453,0.0852303992500051,0.27676109053660075,0.2152182747993362,0.0689145223306714,0.2938204810638159,0.15246664094075593,0.1540374428854474,0.05233982068663897
73,0.0906834449318864,0.1200061752748855,0.15743805349315682,0.11196654310426765,0.210087153834253,0.3372915897748608,0.20644214645053102,0.74183705200964,0.3024721329765803,0.2585393407761829,0.2531193338258008,0.4069065259311885,0.07281145380725122,0.27201585878132817,0.21282127410308055,0.07415639523135988,0.2885308056872038,0.15228315054835492,0.13949416866431438,0.06592234836605407
74,0.0975155510857824,0.11940447641886491,0.1627740728771899,0.09935897435897435,0.19736089729491973,0.32433012096428265,0.20020912369130126,0.7355392485582358,0.30380430352922,0.2738951695786228,0.24543254460870984,0.42550194684272896,0.07453822912170509,0.27587489272432536,0.2243060263743399,0.07516972410804565,0.28807186129099643,0.14836799734167083,0.16038121826189503,0.0540269083434551
75,0.09752787203102278,0.11853565596080566,0.16993232945192951,0.10269586225409365,0.19805498989554862,0.28901407225351805,0.20286644760004693,0.7613684572028848,0.30833135019362656,0.26544561239325526,0.2441836391397738,0.4187506622867437,0.07078660517765434,0.27360171001068756,0.21418871950726653,0.0709766027370383,0.30330472652747537,0.1464113366526235,0.16000748135506043,0.06057805678595329
76,0.08940048758865249,0.11948965971536048,0.16702606511043652,0.10437875628602969,0.20241522322517688,0.32238048437018674,0.19865958523014668,0.7597504528074059,0.3250536445802718,0.2753610673344703,0.22403940507571238,0.42991500483628653,0.07300159180566129,0.27646511189412776,0.21066128328240943,0.07301560617522625,0.293634221780542,0.15255192568625403,0.15439525330899131,0.0539465461712253
77,0.09550163668882665,0.1193431517568118,0.16884388535618838,0.1021251204846927,0.19714490728501832,0.31206375731088115,0.20606648577362094,0.7373344999663471,0.3213118077907596,0.25146417818786415,0.23998019615239533,0.40334689846157695,0.07127118413536085,0.2701943102088683,0.20115331375969112,0.06923190577706483,0.3078830796106813,0.16116767352456593,0.1620144141731932,0.057349658006626565
78,0.08959390181710819,0.12059587595388861,0.16880789156941756,0.09759706277228265,0.19984534685352592,0.3130869156928214,0.21449874927842985,0.7304600373952411,0.3169152828595553,0.2570303228358645,0.24309133489461357,0.4336472871735078,0.073885568867412,0.2717930667399255,0.2172296457723997,0.06740078627730944,0.2891441060198627,0.1437330000735132,0.138378980704944,0.06296091126268047
79,0.08330739951643407,0.12609526844033775,0.16954671600370028,0.09704916000247969,0.19962976852553718,0.3050088263903066,0.20745593511152707,0.7149796604255241,0.3149339870783217,0.25238031579103726,0.2429138060537378,0.42282432414319987,0.067550528235827,0.27798684443703153,0.2161175101336437,0.0805930032337995,0.2866919330767418,0.14665489150025232,0.13935071478052774,0.05949431242257011
80,0.09033097992088529,0.12129188304759195,0.17385430321838466,0.10498942172073343,0.19907083355767677,0.3146151465125877,0.21554325955734407,0.78894665896399,0.3132304870305482,0.25721146300888287,0.22694496374057563,0.4156234220173258,0.06946450870448814,0.2740957822498182,0.2158987147515826,0.07105820105820106,0.28513319908228385,0.15156492785793563,0.1580453296084351,0.06329962567741215
81,0.09742770410608724,0.1254355400696864,0.1693535455700418,0.09775753328661528,0.20044883967545438,0.2979826825980672,0.222628775096214,0.7249235846756802,0.2956094185729562,0.2404439662495045,0.22568190186185827,0.41696400996182176,0.06957514667086664,0.2772427719934424,0.21232806555458003,0.06634253991241681,0.3145048461862621,0.14680348464559229,0.15358218067748794,0.059991616078498344
82,0.08937756851645211,0.12190972044986643,0.17305825574559425,0.10506340032778401,0.19951411856415224,0.29638805730474976,0.20805860805860807,0.7575159337796128,0.2906471245807974,0.25805343988013485,0.2360760019463334,0.3953809471673783,0.06790123456790123,0.2736212489862125,0.22551323345674626,0.07381193124368049,0.30809345014601586,0.144535248338722,0.15154770575382373,0.060978376585978815
83,0.08856859645832775,0.1186430373590297,0.17633291654643968,0.1039119804400978,0.1960861749645931,0.3120877940011015,0.19907877892013884,0.7205292106436747,0.29986047189654097,0.25317730936143834,0.23696220947285676,0.4298591780484635,0.07133258523475057,0.27096434085175286,0.21614276437624763,0.07457013037151428,0.28905787578125786,0.1615242778119238,0.15696814384232347,0.06417314227795774
84,0.0907895097421282,0.11665669934215658,0.1746146899012481,0.1080434565932423,0.19736057262153295,0.3106950832415625,0.21270911726856603,0.7329477672478789,0.32088876417392637,0.2652018753061367,0.2320943381697779,0.3902062258446484,0.07445720999069284,0.28209423838421704,0.2198100407055631,0.07041281577325939,0.2775241888581449,0.15492198993017425,0.1584845005740528,0.05726289369944483
85,0.09286380176224701,0.1203369883996787,0.16967974589831156,0.10433788019994916,0.20085604011347893,0.3127214925995414,0.21896752228945107,0.7607310715471866,0.32335116334220443,0.2558916478555305,0.24077035057155813,0.42568170148366347,0.06600667359070117,0.27804450189271535,0.2171250813641937,0.0748073847943015,0.2851652122757133,0.15428559247969645,0.14944200982914324,0.05301210229696657
86,0.09214018001258446,0.12104534440983039,0.15889601620526672,0.09547215636384665,0.19931092004645834,0.305402001259534,0.22732779146998622,0.724883718753802,0.30462124821343495,0.260389463842409,0.25096311861849724,0.4326672698765722,0.07504986454705129,0.2850260471813985,0.22166421797782823,0.06808739329047728,0.2813803564656807,0.16142220346582967,0.15275057208237985,0.056512455516014234
87,0.10465918895599655,0.12177539469764671,0.16892452595327995,0.11185490776056667,0.20552942041236355,0.2909806572606145,0.2169712927659138,0.751769754014079,0.32549902564912836,0.25459594309643313,0.22681439855802366,0.4320423117183626,0.07088951632055308,0.27539790134395115,0.2060307756753042,0.07090716514470558,0.2812607584844806,0.16292293764852325,0.1442280632633534,0.059802712700369916
88,0.10970129526830558,0.1256171146461876,0.16508034293341547,0.10027193556159857,0.19886277136680572,0.3126583743874047,0.21180609608020176,0.7267359870635354,0.2991130748538896,0.2462960703780516,0.24221640532581612,0.4356609543269399,0.06807926231116343,0.2681765195670275,0.2188942686634388,0.0693348234034132,0.28006426563127595,0.16993201110351208,0.15170601225467326,0.05917537041535098
89,0.09513685093130503,0.11920416214052941,0.16878459770915294,0.1018288158526472,0.2039019642541143,0.3114804187257559,0.19291477528568474,0.7537519355222932,0.2968938850511462,0.2524671657376495,0.2255406797116375,0.42286602941373624,0.07556486379062587,0.2896766688877094,0.2198459028123173,0.06814477327625144,0.29654821614460114,0.14857434933966956,0.16088088796743444,0.05906841204496045
90,0.08718040682481938,0.11805586197767286,0.15840985588706252,0.09891579836665727,0.20200287332037523,0.3209649547245455,0.22099944255632878,0.7290340775558167,0.31874093704685236,0.26336820219608864,0.2366412213740458,0.4458020344570805,0.07603635557526048,0.3080798362691763,0.22048797063016612,0.06498295200333246,0.2894097222222222,0.1509577175514578,0.1393812782246463,0.05985370443439463
91,0.10205309166733499,0.1233528053253634,0.1706625823102342,0.10541398465743762,0.19729505024297245,0.33021040880636454,0.2139236732259988,0.7442897531307989,0.32633292310135376,0.2576858147350814,0.22928893722876126,0.4256129253208163,0.0684747455531247,0.27737589428750536,0.21135622944280114,0.06879107575233483,0.28229393303425304,0.1520632253861583,0.15060707827434772,0.06149218666571744
92,0.087574931880109,0.1194792944061881,0.16563560374079284,0.099452778307152,0.20445207579567057,0.3326746001059701,0.22034701145593938,0.7461345225112946,0.3326148944430314,0.26396758570478934,0.2322675656085691,0.43349013141942677,0.07533960915157292,0.2865403935213545,0.21564304538585644,0.0695587428481856,0.3018907387266795,0.1420456936087853,0.13797330224075818,0.05539800995024876
93,0.09667369787441181,0.12447127724955714,0.16080620926945063,0.10539982295662437,0.20717518069448349,0.32801058535191785,0.19816601801993922,0.70959191612162,0.29268961444360075,0.25518835293377773,0.2303213147956708,0.3954434250764526,0.06459536326812032,0.29442032272697816,0.22869271999331173,0.07148843233359575,0.29040373300872385,0.1494557075801458,0.1491422146458235,0.05802743505249444
94,0.09960808795477405,0.12487302278334059,0.166689062080086,0.09576900279432103,0.19555625142336597,0.3442901286970695,0.2111360664126912,0.7440006981005847,0.3256825036230465,0.26504663806430323,0.22959788174446996,0.40387411325295164,0.06669337759716101,0.28070777125727203,0.21053115900590907,0.07108561937141522,0.2933425417392925,0.16642930698275674,0.1590049145392076,0.054325699745547074
95,0.09866003062787136,0.11908598212977882,0.1701379818082504,0.10336791116391719,0.19779329736998946,0.30136568425004695,0.21264172059753783,0.7309671996448911,0.3058849158186288,0.2593746087392012,0.23190959755049892,0.42203087332347733,0.07256984499516024,0.2946748728926947,0.22975840307437323,0.07480376358059988,0.28740542855394907,0.14310066391530593,0.1349802171045957,0.0604934530549752
96,0.09443522847232695,0.12654956988192195,0.16965489634249115,0.10486220031369034,0.20264288556971483,0.3083894418423107,0.22642245499053973,0.7125316755692487,0.30757991074462543,0.2657664622309265,0.24428067692382777,0.4342492776172483,0.07447264620133767,0.2881521278099816,0.21045758428243794,0.06843356109154182,0.28558517849073656,0.147491340509821,0.14629395662244682,0.05191050399427806
97,0.08664653166311828,0.12396543330087634,0.1616951327078823,0.09532044498360995,0.20386936457223997,0.3305649514213746,0.2126946547067258,0.7542190519835024,0.3141231926755201,0.25490417614077704,0.22501687013066682,0.4278443113772455,0.07233374154730846,0.27665818626174404,0.22957367194827985,0.06832086242579999,0.2814041661091039,0.15313153208949445,0.15157676513973609,0.05811513297762903
98,0.08666579600365679,0.12130634475470471,0.16644653899261572,0.10187102216087723,0.20699772010936207,0.32153717449905056,0.2177045984613778,0.7549070043529877,0.3307527221498071,0.28049028113635943,0.24367535391307665,0.4368392423777511,0.07430965998280122,0.28786495728824646,0.20467022956394995,0.06844767987546643,0.28314559253202004,0.1494380905022377,0.13593622240392478,0.06122776085911204
99,0.09255423211922435,0.12259869735944885,0.16055179796603572,0.11008695652173912,0.20576697970745134,0.34372715012267846,0.22322026620867325,0.7691608355891516,0.329153519376033,0.2782089103515662,0.25146143564957946,0.4533258348811224,0.06714997634789496,0.2696628090583838,0.20550332279843897,0.07122322435174747,0.2832793430766913,0.14922319734345352,0.16114399938494656,0.05157631359466222
100,0.09455050749154181,0.12049711460815787,0.17471082826218237,0.10734229576008272,0.19547740765171503,0.3164012944983819,0.2136983696943771,0.7460194971379451,0.3030856720523928,0.2518382608453915,0.24302357084800866,0.43801455169793263,0.06944160236888669,0.29805002689618076,0.22667902741700094,0.07319608465914013,0.27188531383125664,0.15310814953742943,0.15978270242304043,0.057418139669660966
101,0.0915840227932716,0.12295985587911054,0.17263760738148265,0.10125213058869804,0.1974834275372207,0.3172510446134281,0.22648216084700337,0.7555279132251965,0.3231095054192102,0.2549858769151759,0.22808878115294295,0.45682488904908874,0.06811602429471533,0.2818537885364721,0.2201397652997796,0.06662911591447816,0.28142325411905567,0.15283087371590884,0.14941487755935576,0.055598302266127234
102,0.10080522637496202,0.12261988965907483,0.17192870376285696,0.09309003523206322,0.19665632033422087,0.328521814629911,0.20538670686731095,0.7264337076760518,0.3095287546047813,0.26170688186216984,0.24220776102199595,0.4078547558733789,0.07704546170568036,0.2951423932599061,0.21836231873586556,0.0732897304710164,0.29244884811054583,0.15070704966275164,0.13186087315512438,0.057991090402506024
103,0.09195943699434778,0.12036338149665732,0.16295606778880295,0.0990201415351116,0.2079520170262165,0.3274259585786438,0.1977120656162314,0.733653235213231,0.3074539920802016,0.26686536175342834,0.24456346948368424,0.4200599492736915,0.0714997288810986,0.2943799651516494,0.2157872543394557,0.07770996601706082,0.2894650312372336,0.14449355662080557,0.14384595835015174,0.06012343562489285
104,0.09861651835372637,0.12653837890924716,0.16703553633649995,0.10502457673402513,0.1963328984260056,0.3111436805675296,0.2166974864735292,0.743807906863934,0.31439716891884,0.25089799105558314,0.2278783951842988,0.42928261076832974,0.07522815796207317,0.27202321505963933,0.2164265399881239,0.07738055684763107,0.2925641052620503,0.1544741811800164,0.16133899510702046,0.05401192901499718
105,0.0960476127844272,0.12482264207303413,0.1678864776758605,0.09538429623483041,0.2043889058213959,0.30995209580838323,0.22329243659759107,0.7356733933088613,0.3039383928954481,0.28043496203367446,0.24488931897907343,0.4540210784422337,0.07555491908921667,0.2860902488982683,0.21109789486278954,0.06819881688991637,0.27906556841435526,0.15187288227376108,0.14104130573538798,0.05623560293566186
106,0.09079710362647597,0.12039800995024875,0.1700784114185813,0.10760795065113091,0.20285583065425244,0.3059884655841565,0.20700259522059375,0.7522498049016606,0.32850153065229337,0.2569168753435534,0.2379820330536951,0.4160211932254579,0.07384204720334482,0.27698776681686355,0.21586266561994327,0.0706423296642051,0.28698074732176193,0.1513022977926335,0.15644305401552352,0.05880819481077102
107,0.09787431295940666,0.12070359323167842,0.16642342222811907,0.09968440179795339,0.19628766450667018,0.32903493537033335,0.20286487054251354,0.7536583914974619,0.3245671022713076,0.27255775406609345,0.23650835883109397,0.445694959162379,0.07577611793335302,0.2847828161279036,0.2171817574340127,0.06625483183411005,0.2913633976138666,0.14566929133858267,0.1519774011299435,0.06041786153215895
108,0.09129228191433658,0.12195044066930642,0.16470215337070862,0.10936018957345972,0.2000460440488067,0.3200400151408641,0.20715869958559505,0.7599939749962343,0.3194219971506902,0.26862387844202273,0.2310975740546106,0.43105305405572286,0.0720197510649457,0.2678088932629507,0.19750075199769823,0.06437575030012005,0.3036157769647769,0.15696252965572197,0.1663664375444418,0.06329043709784779
109,0.1001255812374843,0.11641369463326814,0.16543682636662865,0.09993425378040763,0.19948776541496369,0.3253634169613291,0.21214343798332191,0.7458447337416384,0.3126152752161063,0.2726440355878034,0.22626142232816845,0.41696849027069155,0.08081376116440622,0.284844999598791,0.21089653490446758,0.07029795158286778,0.2955861156399896,0.14823089086504287,0.1575133321864786,0.06550549771334047
110,0.09189139830766421,0.12000164301410939,0.16401514408458717,0.11033582936237804,0.20088819435031852,0.3090712468193384,0.19854065509563537,0.7334205065522045,0.3034170747285501,0.26702278607795676,0.23658174622804848,0.4038857797394125,0.07507646142304807,0.2790848678537006,0.22655240679982527,0.0809461724715962,0.2904863192497341,0.15108477231701917,0.1542176556607404,0.061870801747509106
111,0.09545787312601457,0.11813477069641674,0.16848069181452213,0.11920092455010732,0.19806676810167367,0.30384225270479137,0.2041701732493688,0.7169394600340915,0.30313344472636505,0.25201696624547665,0.21833893152689948,0.4759221881406844,0.07792648852251502,0.2902405063291139,0.22278679387031367,0.06560340815522858,0.305200119513114,0.14147875457482317,0.16351197263397949,0.06324875650777062
112,0.09800228694423892,0.1215101115909188,0.16611887859711302,0.10690989077669903,0.20180120080053368,0.3172544080604534,0.2153332892911409,0.7523380126400346,0.3262939748007069,0.2840767554102444,0.24510016173605187,0.42672092006591117,0.06693568055339999,0.26794535717684514,0.2170390161965518,0.07041593438781488,0.28099465609377694,0.15527719629954756,0.17127862595419846,0.05725338491295938
113,0.09865821841222512,0.12360421836228287,0.17081562436753694,0.11074612857813233,0.19620290951063704,0.3072098727967023,0.20762461611150484,0.7187410480793222,0.3017754641753872,0.27802560999837456,0.24601541059742452,0.44856663495130117,0.06818971216008785,0.28587835517825216,0.21291617843522131,0.06992020241339042,0.3030404111535278,0.1410550335281518,0.1586833000031743,0.05249750928357939
114,0.09552342907868873,0.12270244876387339,0.16790579373425615,0.10920528602461985,0.19785321163641337,0.3046594982078853,0.21097614320804872,0.7458281964412259,0.3310794663817704,0.28251456161863886,0.24597201814348688,0.4236075012995322,0.06700353387347009,0.28513911756160326,0.21332166626892585,0.07380603739580986,0.288154066323581,0.15803136257681713,0.13832634212524428,0.056368930163242216
115,0.09829769566119992,0.12010468051599157,0.1738113464319129,0.09689090330788803,0.20192160434617895,0.3244655515396038,0.20882370423204946,0.7341755281170568,0.30002609679009484,0.2587376630054418,0.2414237845356262,0.43881258680433777,0.07783559108630027,0.29374611291548614,0.21498077126627385,0.0757123473541384,0.29063525201312257,0.14691370906434928,0.15491704935666709,0.05447740149203989
116,0.09644413566601402,0.12072518256091389,0.16922125535580193,0.11344137273593899,0.20488254665203073,0.32583102493074795,0.2098068523167564,0.7627790212328353,0.33890640380033954,0.279825612222855,0.23490960421304088,0.4231464377317368,0.07222287712680263,0.2732702222813031,0.21516086311765967,0.06704033191047991,0.29240350452196384,0.15777777777777777,0.1468974576926049,0.05363249076966771
117,0.1001690762913633,0.11976583462070087,0.17814415808582823,0.10308141919606234,0.19650016407710197,0.31887718567318085,0.21836945304437563,0.7478681318681318,0.35674402373058806,0.2753027723973313,0.24766698508340068,0.42003676470588236,0.07099985537289688,0.284552075315294,0.20683247949459826,0.07249423374500015,0.2831930037567855,0.14434827268470266,0.14919917356831305,0.057751194802964825
118,0.08914120979162451,0.12031276073327135,0.16607162951520668,0.11964274240185055,0.2006281407035176,0.31645855773194503,0.2042786098931819,0.7341993315101792,0.32349897755549534,0.27844430545289134,0.23981361812121624,0.41049593148843166,0.0748691969105556,0.27475276907764373,0.22279326971097532,0.08002042453862426,0.2985261431561684,0.15101621220802858,0.1479496113642455,0.05305813953488372
119,0.09819455305837951,0.11670957720705577,0.15795071931435567,0.1211299757454701,0.1980375478461632,0.3359259259259259,0.21976393729689683,0.7356882780181864,0.32062928501469146,0.27687202423892654,0.2397588265986434,0.4508471352490197,0.07108876235549311,0.2979011598853265,0.2114464114270716,0.07213098262116144,0.29925837963792795,0.15164996905785344,0.14913313356164384,0.05693955152938545
120,0.09902626567496677,0.12344323806482517,0.16978575352499542,0.11673131890567578,0.19792328731905534,0.3328368290697473,0.20255782442294434,0.739344812700849,0.3314019556952258,0.2707533455101204,0.23119741377464728,0.4267508209075739,0.06776601671309192,0.27606494038675433,0.22091634664123647,0.06536329738990225,0.2947639377197388,0.1485030450151186,0.15776248224625805,0.05953503764374948
121,0.10569140325466474,0.12206538960103702,0.16635886828691734,0.11056083522955427,0.19856008357874497,0.29945474870531336,0.21752372857345234,0.7477993000653143,0.3223978228846778,0.2704867852582603,0.2400164441754502,0.4214455423265541,0.06556854519469035,0.28005403968816445,0.2142969836921444,0.0774674231560571,0.28859913990301034,0.1598173515981735,0.15746466841235351,0.062177191795514924
122,0.09118505545826036,0.1239151981047695,0.17440541996201492,0.11568392696797367,0.1997978461698538,0.3267384508509899,0.2167511586273821,0.7567613285836534,0.3032755889416935,0.2567882978877629,0.23941188031248464,0.4177664809202594,0.06798549881394621,0.2680767523900502,0.22912724979381943,0.07326325772544061,0.3001914966106275,0.1486981756747551,0.15011361288989877,0.05554566947148994
123,0.1069676153091266,0.1223867874267448,0.16889866299043743,0.11266982342788866,0.2005942205942206,0.3246851143730384,0.22537937583316595,0.7522763476174557,0.31896462705233086,0.26902169101372286,0.22691562687433015,0.4452401584107364,0.07580335460552325,0.27776826581743885,0.20905083749632677,0.06783004246925507,0.2994627852518481,0.1485000455913194,0.14285329054700877,0.05840223772784557
124,0.10319327731092437,0.12486723885524012,0.17047566303612086,0.10471742450945835,0.20112224954290397,0.32014327359242845,0.21799936657165242,0.7526342197691922,0.3210688787976305,0.269164012604688,0.22836810115757003,0.4052456062416708,0.07855174141819093,0.26554976834327587,0.22200469449882637,0.07336764557473004,0.2867268041237113,0.16281569048898442,0.1515699438688071,0.05598889309604948
125,0.0920266544117647,0.12267358805657834,0.1650727693075458,0.12934389769252155,0.2076140701955489,0.29782171389160295,0.215163192042947,0.7585539958526081,0.3003515519365404,0.26693123975498234,0.24454267762684084,0.4377792360102759,0.0709658827509303,0.28224506004958,0.213197545807421,0.07053786223487607,0.3056298107276708,0.14939999312313035,0.14120590242009926,0.05693373485840839
126,0.0889500113553206,0.11993008985733011,0.17625376164490072,0.11016255824707431,0.20402616433758217,0.3408833341314307,0.2150122549019608,0.7640411962684832,0.31845930404184725,0.2558304689941198,0.2339133908951679,0.4217969334206852,0.07102549134072776,0.28039257665047834,0.20612082923267405,0.06512478225625636,0.3028458436724566,0.1608874610982833,0.16977872621497345,0.05774548174665723
127,0.08638583638583638,0.12075001483415415,0.16481982704150439,0.11696554503324602,0.20646598334519442,0.32875582012141213,0.21955221510612397,0.7408104474745535,0.3222504519470367,0.26077206245327994,0.2575958107952584,0.43133905479292295,0.07351485148514851,0.27466861670616116,0.21115008048774797,0.06386560062150001,0.3000419443538239,0.1493667336542506,0.14566812131450113,0.061975964225824486
128,0.10848678943154523,0.11848476217601824,0.1654500236616088,0.12251129063036703,0.20185764448588034,0.330209520593243,0.2121109294505969,0.750574802994871,0.30725338886166914,0.250862182440437,0.22291277144677607,0.4198053099670262,0.07006019462521824,0.29453963666391414,0.22378019127897553,0.06915120001480357,0.3085246566316963,0.15180800515422405,0.15239686752514828,0.05822677643486892
129,0.11148149911900566,0.11951298887761548,0.1657255256272705,0.11762595458971863,0.2012537060567556,0.3245355960147245,0.20879469434832756,0.7741007639254013,0.3280448990500255,0.26777369156402064,0.2280796126949973,0.4195024888690421,0.07966082422312828,0.27118594720496897,0.20844482061923225,0.06901203600261377,0.2906297162883507,0.15253669617893756,0.17126928934739505,0.06430195543428831
130,0.09845936490850377,0.11793517238966536,0.17248880193584926,0.11599344978165939,0.19639436066218008,0.3303419353915296,0.21340312861403615,0.7482181319757196,0.32398572365066647,0.26939714531050013,0.2367219940745147,0.42378097628711814,0.079380460434803,0.28200076674050095,0.22124751531877845,0.07278640722256491,0.2816130242673467,0.14941650174025797,0.1686578743211792,0.06178742184626701
131,0.09647835656639765,0.1169500611692257,0.1700743977940794,0.11563264398487881,0.2012409448319091,0.3167380988825961,0.2073145577151924,0.7415541843424605,0.33955787043887425,0.2657465864043459,0.24390558040418706,0.437591582120379,0.06940489749430524,0.2882920370720636,0.2165897951216691,0.0674259681093394,0.29731538710925653,0.14804777537193547,0.16878393607212375,0.05812469317623957
132,0.08797238913442916,0.12480438184663536,0.15945062021283807,0.11479410720624778,0.19785608563696983,0.3387386262544285,0.20199746224059598,0.7542644239321645,0.3163786864483445,0.24870724910928424,0.2436665808728904,0.42015240428628825,0.07199928637875448,0.2953570269588106,0.23040648432612126,0.07352460801393729,0.2788168604210558,0.1563898286587362,0.16168964899713467,0.059669257326628096
133,0.09996350364963504,0.12179548959136469,0.16899848098952683,0.11053766753967031,0.19652339514582,0.3211157399989318,0.21111059858234543,0.7407806501890531,0.281870925099348,0.26942869317250645,0.23919308357348704,0.4224916548872829,0.07897930556212272,0.28487311520077585,0.22321171156741518,0.0712820892940973,0.28499300392791516,0.1616561001658827,0.1692154614868811,0.06632331301240277
134,0.09210271183623722,0.11964855063645435,0.17051218186758446,0.10486331652033128,0.20189317431310314,0.32500979240109673,0.22123800299374835,0.7421309138542148,0.3249420551120268,0.274857704358789,0.25009303133295296,0.40814574469428205,0.07196197369762464,0.2713211977775107,0.22668604077532312,0.06618236298386816,0.29312296661941234,0.1464984852015847,0.15526896317665026,0.05877656601785172
135,0.09249096074380166,0.11716185869752979,0.16693238676814168,0.11405770411295273,0.19831322567225143,0.3249654190120109,0.20824736102389282,0.7348611321900137,0.3194722157637759,0.27004103967168264,0.23567995354788762,0.44841860397913624,0.07591630550213828,0.2724935084579121,0.2201894898568868,0.07837506700359904,0.29183296279431065,0.15360235180634343,0.14313777341241357,0.06397732640529051
136,0.10173466349017272,0.12199667556540573,0.15954837618403248,0.10522645874932648,0.20307832470456316,0.3170359738046111,0.22105394918012267,0.7623964449449047,0.32098750925349284,0.26523805930732663,0.2437905999235766,0.44348209774184594,0.07179834596653586,0.3029108057565656,0.2091346153846154,0.07648151274691879,0.2857717378554552,0.14936225166734482,0.15240745425415297,0.06107208508403361
137,0.09492421162669144,0.12190930258343496,0.1649076391598542,0.10461266104973281,0.20361834329517442,0.3137577821861237,0.20957608932292476,0.775047258979206,0.3227831760784866,0.259001454480691,0.23811019734996802,0.4408953829163658,0.07864575840406657,0.300064797762772,0.21162599025734388,0.07176922720748252,0.2984931861404634,0.14469571883476826,0.14710562144251432,0.056844797608954924
138,0.09867120954003407,0.12296292708913481,0.16791201722047652,0.11795085815639836,0.20118408327895146,0.3008130081300813,0.21298080116920215,0.7511613517840131,0.33936557770340314,0.24047752984561535,0.23026343386887033,0.40503820230339255,0.06722425056607044,0.2786562819605066,0.2076326002587322,0.06755135429921832,0.3079011992775749,0.1550001822888184,0.15906219580390613,0.06786463745084856
139,0.10518481766311089,0.1179658253834078,0.167267400193921,0.1157701898122233,0.20330872648939521,0.30623921204147403,0.20927727114091924,0.7553847679492265,0.3234337973492742,0.2814306955228812,0.2344970792738561,0.41523295524238063,0.07441256830601092,0.27906976744186046,0.21428519910275737,0.07109242642906444,0.29628533998225076,0.16367131616595135,0.15124888775899326,0.06594678748927167
140,0.0991617620831104,0.12419493048069215,0.17129617744461273,0.11117666891436277,0.19369695507019025,0.3095472814135133,0.20951490285990104,0.7345262818506822,0.3136780733428297,0.274205366177035,0.25333612433931657,0.40741112799326945,0.07826969625985788,0.29075970672980916,0.22342249919612917,0.06648799092877022,0.29058073926227307,0.1466675991328065,0.15536452749272478,0.05906674542232723
141,0.09652062640911584,0.12232745013631798,0.17286338021785438,0.11536285760465492,0.19159458443023694,0.3155972222222222,0.2026379501664481,0.7598773875969767,0.32454575155185844,0.2670997834416125,0.23389717791674264,0.42136567075505327,0.07495408795182439,0.2894002010499274,0.22276663276940617,0.06995273463875759,0.3063643013899049,0.1465163392935788,0.1494380007174459,0.06038390596179698
142,0.10436098838160694,0.11675593925263092,0.16994089225713094,0.1192124288570989,0.1983343274349968,0.3169047959541856,0.21168988028804256,0.7677850169477765,0.3325799568176366,0.27315363979779916,0.2352605372490565,0.43910198145791673,0.07695941656701655,0.2920580347933714,0.2060120796703131,0.07183190243288062,0.31063575711949326,0.15334224163217416,0.15944428146347597,0.058514060243891976
143,0.099834136324145,0.11916366602343485,0.16152234948081465,0.12484479761609138,0.1996069600818833,0.3184659391884734,0.20019991625130013,0.7624009082779893,0.3322168165261469,0.27378408410975297,0.23207108318201294,0.4398465004928883,0.07927361887977932,0.2862840051274747,0.21508628357943427,0.0728319699478536,0.304224687278735,0.15079030154223894,0.15368835508792827,0.054598489192490836
144,0.09489379478775024,0.11830601092896174,0.15982781190212467,0.11307239703248913,0.21043352001659407,0.3348559751168277,0.21572009363065173,0.7377701825402887,0.29583224318536394,0.2481430498957382,0.23628310879926873,0.4161264575911542,0.07737477340687604,0.2764588139198808,0.23102122057161814,0.0740908861653301,0.29867032808209276,0.1554711963282289,0.14651253409533704,0.05871602216355777
145,0.0936416894150845,0.11970369862309024,0.1742780580974372,0.11033105972383962,0.20038764536701262,0.3078862337108973,0.21035187360223964,0.7442129404676294,0.32084104081884324,0.2814117548839539,0.24973008382565234,0.4234975218910695,0.07262836296133963,0.28601099572388516,0.2098574506771578,0.07179620483493632,0.29622978429820823,0.1473820810932493,0.16069754768392372,0.061169769843120274
146,0.0970964821520952,0.11931852508206295,0.169015999637402,0.11500862564692352,0.19907791536859903,0.33006491236071206,0.21191800319887305,0.7422737093911568,0.3231028231028231,0.256838905775076,0.22815988334860443,0.4189865733699732,0.06536217303822937,0.29867486513799335,0.2148158615445694,0.06689249186042688,0.30865944372574383,0.1587286857673124,0.15275656382140618,0.06560840518471993
147,0.10092218806710862,0.12170429915772724,0.16263996911026532,0.11558690422799364,0.2062941314005144,0.302373518075816,0.1951281278263491,0.7736241451023808,0.2929359764973665,0.2736492455563801,0.23061053513456906,0.4380060304874644,0.07092376008505848,0.29287081339712917,0.22694936166116852,0.08331522447737842,0.2863054287855051,0.15318061310345923,0.1609369353089989,0.060933761490996094
148,0.09367974730371931,0.11527411316329522,0.17289354820721575,0.1112377006732263,0.20307221238635295,0.3125660659499317,0.21819764327798608,0.7498751481086162,0.34272094602240577,0.2572538612019316,0.23822717814168098,0.41901156179546334,0.079788184461446,0.2877650148523056,0.21354809378450348,0.06597872565996396,0.29793987874170713,0.15786961005232403,0.16234064202062926,0.06545088386663683
149,0.09637927340617636,0.11975219708975651,0.16438424232787407,0.11167138113393187,0.1994616726059595,0.3230256177050174,0.22261349246274742,0.7539348697592669,0.32404386330741114,0.2660963749613752,0.2464076309416985,0.40793274222678105,0.07205645971468756,0.27702047503873206,0.21245912185707394,0.06514109444593084,0.29980787916261814,0.1626201923076923,0.15653641657523842,0.06633361087982237
150,0.09337535533308615,0.12139083196904302,0.1681643132220796,0.1470172769748995,0.20135472698573245,0.33182670987549034,0.20385182663943727,0.7805209465674388,0.31467129152891443,0.241063735649582,0.23701317647608044,0.4314091135747317,0.07819830622798471,0.2867526103949134,0.22205746061167747,0.07385520312242318,0.2909866773881102,0.1564458325825375,0.1544494370844456,0.06001241850357032
151,0.09917077919897942,0.11895385669035186,0.16523605150214593,0.11277658815132048,0.20510260975916833,0.3233415041201627,0.224274256243008,0.7623539349570604,0.31776525930657995,0.26811099183500864,0.23823924352015888,0.3836628197529142,0.08089127242546128,0.2784472916402385,0.21097629685923558,0.07212833700710262,0.2883664054249347,0.1540097528369818,0.164166017147311,0.06363427114502736
152,0.09494819738054679,0.1186816198807702,0.16256210942079302,0.1152573909448005,0.19846434650011166,0.3247634636113218,0.2157607827121473,0.7428880538624267,0.3462999471077559,0.26925557554567364,0.22477762338239327,0.41004398271024495,0.07366026894377718,0.2886652652610985,0.22788041964534397,0.06400739304326748,0.29580453370869136,0.1588785046728972,0.1639783190752955,0.06015439883818696
153,0.09323701198893329,0.12321329858643291,0.16980426089193423,0.11265912935101932,0.20273704023213865,0.3405149142934269,0.20321672194755616,0.7653167711932238,0.3104858104858105,0.265202540939126,0.2394520864639926,0.4318043399415593,0.07241136233094878,0.2916574592061037,0.22546295022425225,0.0772388627033602,0.28907048008171604,0.14586854926916576,0.14269164519915248,0.05973544654694468
154,0.09251974075227125,0.12158753709198813,0.161350616984822,0.1269968051118211,0.19432382981047572,0.3102824306149896,0.21137154137812178,0.7546850237717908,0.33070651468335366,0.27193797905740796,0.23996943949251037,0.44255873748928665,0.07165825106137111,0.30236953794869154,0.21434048836752412,0.07201071000775067,0.30682973994500046,0.1437604807154835,0.14172434999934574,0.05915255535974255
155,0.09398598359319824,0.11988815099615519,0.1747300063527917,0.1020086862106406,0.2002763824947402,0.3166558701367984,0.22305123146936465,0.7326392503904217,0.31363917738496455,0.27254498887915346,0.23976138579786624,0.42454885710466517,0.07202464366423007,0.28692919416972673,0.2145858409824323,0.07080506329113924,0.2970389973535727,0.18113656105701093,0.155470484381282,0.05931532862116257
156,0.1028751510965291,0.12011558629198527,0.17514014541821613,0.11869140235387991,0.20319944467232512,0.34474665423796524,0.20043381772132854,0.7577440209415778,0.32896456396079415,0.2610855969529303,0.2351351635526302,0.4059842697051039,0.07806814422758848,0.2837247323113565,0.2244364700553949,0.07277938429255061,0.29328634423645666,0.1587658872610847,0.1452169258675548,0.05865683510446035
157,0.1,0.12142203887840283,0.17365787954589187,0.12082411212983454,0.20102261585459733,0.3138940927530763,0.19899151081891875,0.7636534459418504,0.3179521800281294,0.2655346877398537,0.2351279958766429,0.44618518837336085,0.08211108439528733,0.2691421689473727,0.223047455241967,0.08108010541135699,0.2860276376398333,0.15273997226644753,0.14907109397406074,0.056569654858184305
158,0.09091678659104377,0.11827335356747122,0.1753796788535534,0.11777006796254931,0.19781472142684162,0.32392745886276386,0.21824346983641987,0.7398410527624494,0.33159083920478094,0.27166516882783415,0.2439982225851778,0.40982492249834834,0.07593133836772845,0.28302769910229947,0.2168812927629749,0.07018881553865602,0.2911781256630474,0.16199699366698703,0.15801939160683887,0.05985991456802198
159,0.10511817310763334,0.11995508952021974,0.16452038963183094,0.11904421233366719,0.20662527842282355,0.32716443309934057,0.2192671586955815,0.7798154616066308,0.311720937164025,0.2495929099596914,0.2555676187294694,0.41273553173631977,0.07128670010949556,0.2896113503659278,0.2129244595100609,0.06480199390750485,0.3144018602472523,0.15379095544902135,0.15559246954595793,0.05911453348842003
160,0.09550448881146992,0.1237078370354473,0.1726042676368658,0.1286936236391913,0.20787794322599576,0.3112476967283879,0.21032077271643215,0.7567712470214456,0.2962086194958549,0.260428183737059,0.24639926842279067,0.4340185425730054,0.07462811531913706,0.2851460008463817,0.2187463325900716,0.06973220785864667,0.2901523517282491,0.15320113523275958,0.1497351527694952,0.05729631769711614
161,0.09144808743169398,0.1273602256007847,0.1724873651504847,0.10866085138357999,0.20244830121136576,0.3132155623478216,0.20442845964830397,0.7391888648908087,0.3100392772977219,0.2778127183787561,0.23545205356340435,0.41051299820078707,0.08126050562847004,0.28807409744444945,0.22440085344271513,0.07415657961834725,0.2846126126126126,0.14486388340224018,0.1587587731948851,0.061578862747199745
162,0.09426655066932338,0.12296530746464979,0.17312356274896643,0.11424373220681422,0.19703394329805685,0.3356097871595269,0.21943832162509316,0.7529805562392321,0.342156905499106,0.2781386761487965,0.23913603909568804,0.4149582163714387,0.07276469831467902,0.27798597299277716,0.2179176755447942,0.07390293763476995,0.28111565566064267,0.15336666244779143,0.1604616048317515,0.060492090832951435
163,0.09908998988877654,0.12185644762657018,0.1790833248104262,0.12690355329949238,0.20404300554854546,0.34116908020895326,0.20606673676644793,0.7485820457656953,0.32020880451419825,0.2534417659018298,0.22788149153857343,0.421711693295791,0.07564652390309672,0.28820188977120104,0.2110728049796466,0.07073851438385573,0.30209617755856966,0.1636478464064671,0.14671048219435318,0.0621893178212586
164,0.09116290664340022,0.12437010503308846,0.16436092955700798,0.13068724148902322,0.20320274891809975,0.3416979665846393,0.2107558348036895,0.757526314742225,0.32112614977289844,0.27110482075357717,0.23307190079251017,0.4387181474730969,0.07862149165540434,0.2840615589702084,0.20766452272968303,0.07364018979706725,0.28750894639695634,0.15000607681088965,0.17152927354611316,0.06026468498342018
165,0.10096316896154107,0.12359177417294674,0.17265093756439315,0.11016598291241672,0.1945819170632223,0.3306192564453507,0.2229518038384331,0.747607283196514,0.31860148667948673,0.2653536475852727,0.23025926239215022,0.4240580496944579,0.07026811882621124,0.2811935518517434,0.21905213832374398,0.06616313254519297,0.31696435866847517,0.15328036249920224,0.15469560391188686,0.058281267432779206
166,0.09955973213955381,0.11782535668088885,0.16949744329060887,0.10560574802589458,0.19682686360282883,0.32979721440427223,0.2062194028821623,0.7546431190660244,0.325888198757764,0.26305025745159183,0.24330740294364706,0.42363275526785477,0.06818155957352388,0.2883705601564909,0.21767892277920375,0.07447051827455285,0.30623893645460787,0.15107021182047103,0.16035425991813,0.0584806157354618
167,0.09655239202014333,0.125410392845013,0.16441379571654557,0.10873164411171897,0.201692536061183,0.3597688589261571,0.2069079469148205,0.7484463552863005,0.32132001736864957,0.27928455407396213,0.2580605962410888,0.41408237198427583,0.06778358267146406,0.2786852755872658,0.22260276771920648,0.07237790592899622,0.29498159034968163,0.15520206362854685,0.1496985497800228,0.05601577909270217
168,0.08951991336782578,0.11693188239368586,0.1686050146939286,0.1051021564258469,0.20261316698980023,0.31449917964989355,0.20504153380865708,0.7475306357030139,0.3210627094303494,0.25675131596606077,0.22105934907466496,0.4126191178545319,0.07696303085853956,0.29240281523383543,0.2184921402404162,0.07622598646846758,0.3240836385263092,0.15594612278049771,0.15162359567041153,0.06197503597363049
169,0.09063544297339353,0.12170144462279293,0.1607057782617573,0.10893246187363835,0.2003018926345938,0.3232544417491641,0.2190254652301665,0.7746539792387543,0.3285111436801941,0.27718957072889655,0.25534350129095795,0.4412724364169386,0.07510955788539413,0.27682827070949445,0.21476777316261028,0.07661594567404427,0.28046956012380175,0.1520105133259612,0.15896587383660807,0.059987082189568865
170,0.0920531549766787,0.12103305270277485,0.16904128599514281,0.13322818959076949,0.19675304021817838,0.32263463910260176,0.21268630849220105,0.7483586486776512,0.33084583582516447,0.2911180637031243,0.2529530285858204,0.4398706098523751,0.07345406651300626,0.27890261612611283,0.2143796232085067,0.07176073229232953,0.29336038293257544,0.14781379883624274,0.157330262187112,0.061246363497167354
171,0.08698100539299561,0.12333961375412153,0.18042956350804829,0.10922545633941785,0.19612792370397997,0.3253559351552182,0.2025368357008703,0.7520223316525619,0.3233591293552541,0.2894094582699848,0.23274668775954124,0.43273704749819203,0.07159757226622776,0.2887492874786244,0.22011373564892164,0.07889846772473878,0.2906536024940693,0.1585881358320417,0.15295757498077417,0.05966439718021329
172,0.110609375727387,0.12233750381446445,0.16794447073670926,0.10712067516714771,0.1975127748243922,0.2966693201352115,0.21567290745236273,0.7493379457262076,0.3180066079295154,0.26868859461768474,0.23849874820160186,0.438715851384106,0.07236721070198954,0.27754323172600626,0.21302930183127408,0.0752469254684018,0.2966940538100953,0.15997325256657358,0.14960253612221816,0.06358833222907428
173,0.09181103795624868,0.1230452776882853,0.1692954897572732,0.12200956937799043,0.1987104615190353,0.31255933433852684,0.20639046418819576,0.7435773660684115,0.2988266687595652,0.2753455374209675,0.2317644122785126,0.42595523853413214,0.0705965407695023,0.30997863516400653,0.2393826170308496,0.07136101154918359,0.289323840360023,0.14571169067081874,0.15775303164107093,0.05887824658808482
174,0.09036178159317687,0.12183132093423646,0.16628321932165607,0.12134632418069087,0.2020591693950238,0.2852889973938214,0.21371874586585526,0.7604844920534901,0.31527548069891204,0.2625387195660199,0.2394001090306287,0.40784932514411804,0.06960498662590753,0.28862632508833924,0.23533168437271917,0.0695791301633139,0.29050237252391353,0.16344161040773192,0.15691568598242217,0.0632883752960344
175,0.09652364547447541,0.1266230393684429,0.17650882895545988,0.10607979734008867,0.194674162579568,0.29991752010447453,0.21480329493796357,0.7647094437100794,0.32825422219928524,0.26292367715191417,0.23235705769529832,0.41863009749449626,0.0733584477660307,0.2795008069738993,0.22431181775035597,0.07026644168072829,0.2985882868500955,0.15288234554622787,0.1644151059256985,0.05854035932261669
176,0.10268225069303963,0.12153224532177603,0.15701974521824244,0.13160938532716457,0.206910427341256,0.37041711744200023,0.20206819786717095,0.7593812375249501,0.3278523489932886,0.2772436186524759,0.25619587936697524,0.42584257693383226,0.08104436077917826,0.2864615105065739,0.20913052525920214,0.08061116965226554,0.27212812184364077,0.16409941013670293,0.15260619771976305,0.062116832375083385
177,0.1060287564113344,0.12566466265865064,0.16718724143637267,0.10191135277640467,0.19952859446718768,0.3053845225159966,0.20969066929545488,0.7274037876447516,0.3071697640687446,0.26906755548329403,0.26532660260308966,0.42195650164406356,0.07389593353738522,0.2808848217518681,0.2206608601957439,0.07204804603011276,0.29780196099558237,0.15399629816590948,0.1516220735785953,0.06158800101686298
178,0.09396474454735584,0.12635502318832334,0.1777506149365446,0.12134311852819946,0.1976416322045172,0.28855940189734247,0.21214834592341755,0.7721210632439791,0.323985630008771,0.2944699789946551,0.2466007267826631,0.4445817180022437,0.07830682851855338,0.27416549405878676,0.21391214925811664,0.07902202671256893,0.27660218123148045,0.14911403907314857,0.1583101207056639,0.05720031739951296
179,0.092688912005548,0.12020623488452441,0.16676176048163377,0.10402667218029567,0.20018019167291226,0.32721093153915515,0.22328147612156296,0.7501001866893431,0.32848826566104056,0.29030959378396876,0.24256912442396314,0.404068124949552,0.07435544814879101,0.27220616139639775,0.21640944763621345,0.07210291071623243,0.29952074142254104,0.16119541231917617,0.1509277618300731,0.06229761245616684
180,0.10155893536121673,0.1227731902586243,0.1729834169311086,0.10737410071942446,0.2004484379136881,0.30813054752169144,0.20741716485966158,0.7567857036603628,0.32246320027968994,0.2707304641457743,0.24089963294601735,0.4118100897775964,0.07283280791243285,0.2750487932133954,0.21405960699994028,0.06920289195243212,0.301613337576811,0.14802949469810298,0.160544300707835,0.06611811960145846
181,0.09672242454169495,0.11759437628848558,0.1695944270108807,0.10555715152095503,0.20478196120709347,0.3162665423562013,0.21347087189250769,0.7661026890909275,0.3289654404395115,0.2643972815070943,0.23994884970494726,0.4212230499907863,0.07811858542020995,0.29506016466117796,0.23267808225289777,0.07445276497695852,0.28519867577142954,0.15680441941995113,0.16189369353565478,0.05437026069008839
182,0.10190045248868779,0.11984857197623155,0.1647299562041092,0.11432991684393734,0.20509248226430313,0.3124533744467101,0.21856019117793488,0.7535062250873481,0.3169755617516812,0.2748677293683333,0.249485647104928,0.4158682229061417,0.0728777397038857,0.28059979768728804,0.21397209636036094,0.07649590044775252,0.2859485346428138,0.16355607065782113,0.16388956864140952,0.05900713647262461
183,0.0948307579102281,0.12144162391845181,0.1727305710761193,0.1038931897228767,0.2028635292696188,0.3019875217083682,0.20965382740126767,0.7183134738771769,0.28614022333134564,0.26391646214691034,0.23399255101505534,0.4169647087841829,0.08743722582822208,0.2836261163090085,0.22919163056502903,0.07500385030032343,0.3001937217043229,0.14588319342739775,0.16610026542306452,0.06393989983305509
184,0.09094653383787679,0.12398192569452192,0.17200544068283066,0.10992725402307296,0.2002146121541502,0.32413120690855907,0.20746238944344908,0.7546487858349051,0.3310842803030303,0.26195587097151035,0.23140082433417072,0.43318048045992746,0.06842159642738241,0.28392493681361697,0.2155458628995508,0.07198976429899442,0.32069637280064317,0.14835870752232286,0.153384952720296,0.05594925285983491
185,0.10468048223150264,0.12117719871097168,0.16760648369712228,0.11346444780635401,0.20164048173663082,0.3337746006530756,0.20857918606944045,0.7412201225299854,0.30432764019637865,0.2637097604376535,0.2292252189643014,0.4122115871601392,0.07925528577702491,0.2877360397881202,0.22420138511186047,0.07433694434067986,0.30750331178315465,0.16424476180548317,0.14986743793685225,0.05783692271349266
186,0.09672980648183388,0.1204663960133146,0.1640266229693917,0.1230041022404544,0.19583864239801257,0.31948994836579037,0.21841614959916586,0.7335559517408571,0.32569663346362376,0.27026886653624416,0.23914554418887513,0.4022994183533596,0.08096994223426128,0.27324093997255305,0.2248895000491111,0.07160453610766129,0.3122336647727273,0.15482424645778237,0.1495638506876228,0.06233631920465729
187,0.09951049190428919,0.12391832160866588,0.16130442151082408,0.10168882500898312,0.20226630333598497,0.3249205989110708,0.21088002774927375,0.7488846710758033,0.3526216497527973,0.28982146070336084,0.24265733458069136,0.3984581632031202,0.07339712669152348,0.28206803803462516,0.22922942960375528,0.07152364894844263,0.2901873296411396,0.14857111483240454,0.15911947135849516,0.060167348904406455
188,0.106434625195425,0.12129305581138332,0.17196583460239687,0.1096232221575314,0.20412079243384304,0.28150746876832405,0.21063750866837616,0.7131462521689363,0.31729920030971365,0.27598349381017884,0.23995875918952841,0.4147919300327649,0.06939464735953367,0.2870224465283364,0.2156472219763359,0.07231931053994646,0.30409785769548864,0.15319365990969716,0.1509162998345353,0.060995235743080675
189,0.09816549570647931,0.12217005738132498,0.17305469211601202,0.10297529510746246,0.1964327298131222,0.31116940389294406,0.21604146020502657,0.7516341790883878,0.331613460756405,0.28496939925913994,0.2333485239758975,0.4343098989594123,0.07520002269761107,0.27640241527074405,0.22452376705988264,0.06911025145067698,0.2916234402809636,0.152008008632682,0.17768461786520479,0.059127760693318425
190,0.0986689281368681,0.12560285902640436,0.16738595024515895,0.11151736745886655,0.19686724479268328,0.32915295443090514,0.2125520818157979,0.7573883913039157,0.30280660213106764,0.2758552287522767,0.2376689334595851,0.4159156441122849,0.06968305334792747,0.28149195448730896,0.22699570855753068,0.0685322030083649,0.30132328724929214,0.15333397355869266,0.1582037206465386,0.060174645251832214
191,0.09292888594698823,0.11966608212772176,0.17166310235756638,0.10674318507890962,0.20511770905005355,0.3127575624725997,0.211457004739635,0.721395881006865,0.31323589555933445,0.27364259356879284,0.22596144733599954,0.41925825199558064,0.07758659284573714,0.2991697471102505,0.2281171833254602,0.0690251270320767,0.29842091080571276,0.16207758385314935,0.14658404337722697,0.06277404850359551
192,0.09635926222935044,0.11988103015507341,0.17477186383773619,0.12243702401874634,0.20145777479892762,0.29677907186710006,0.2114500626828249,0.7205205610573207,0.3308973683872542,0.2601220879531581,0.2209110156243021,0.43944491463184326,0.07792576223609161,0.2781911171989712,0.21897434296772583,0.06886685501430602,0.30730068618898193,0.1499232545597854,0.16732792823874418,0.06317913691400186
193,0.10382962824584345,0.12101146469516769,0.16073768097801144,0.10965734172132245,0.20277419237551583,0.31198067510655253,0.20340499325607642,0.7826973615053086,0.3251500664965314,0.2811702548251447,0.24782862610121895,0.39953060561680015,0.07695142625488317,0.28006721613187163,0.22786060624388868,0.06831234616345022,0.2916979461415565,0.16217401706675175,0.1620758979460714,0.06281479580379198
194,0.11219463654908204,0.12167881755933255,0.16445229681978799,0.1359627225827925,0.2015619807244932,0.30672213811436816,0.20522677201245917,0.7307656105871501,0.3175325677254392,0.2589809677748169,0.24160217307309534,0.43956391770705117,0.08256675279931094,0.29100017681381507,0.22712908832358983,0.0704234598971441,0.2843019202737816,0.15939081901959937,0.14307537688442212,0.06248220178568437
195,0.10024731510654877,0.12309458763907036,0.1657832422586521,0.11852207293666027,0.20147144767074157,0.34775371633870594,0.2102364667328429,0.7474750440399295,0.3128267919782911,0.2612107459190396,0.24159732994876135,0.43260366296352104,0.07159931558552665,0.2834908935533835,0.21849151024968053,0.07319898077368543,0.3070148441014229,0.1540217391304348,0.16673617265286972,0.058882390247339864
196,0.09323321200309535,0.12258918040103287,0.16607822121345858,0.12256548018804567,0.20418817208842635,0.31772644764372515,0.21758972157293008,0.7352960754666743,0.31147731474145673,0.2760079599993311,0.250440599472567,0.4418715952759674,0.0715135873310197,0.2906756321756858,0.2241051554096869,0.07548498970412919,0.28533913763780083,0.15159545616563608,0.15404791047385907,0.061069206265370456
197,0.11009913758362215,0.12498189417923727,0.16833293864481122,0.13258030922053993,0.2005219863444644,0.31402403827652997,0.22098700270502078,0.7769006119521583,0.33664180956236694,0.3199697428139183,0.23599191558078833,0.4277396983026149,0.07763915118890062,0.2768301820265327,0.21563314512856838,0.0673533941672325,0.2850405910790842,0.15935055209445356,0.17914593966018477,0.05438645980253879
198,0.10763782625803349,0.12167211971234491,0.17041187944661804,0.12285145648633979,0.20224858225403036,0.3100030969340353,0.23484070921129424,0.7613167898733162,0.3147481431027213,0.26514364303178484,0.24451868616110453,0.40723238906994236,0.07217153284671533,0.2629001764059076,0.22079836197234062,0.07605950042099355,0.2933788140741087,0.14976692468887653,0.16954481691094664,0.06632328259737254
199,0.11505783601187429,0.12321464093892978,0.1700069365307437,0.12029192609982647,0.19638957213237268,0.31475810509668606,0.20103844161476467,0.7573384740743685,0.32203202650469354,0.28149825783972127,0.25299070732706774,0.4129117141744001,0.06915972576349935,0.2699642495064298,0.20799129660765503,0.071999295635139,0.3090128184671028,0.15615693689435123,0.14900449582530506,0.06473997254842154
200,0.09156934658816716,0.1245677861631438,0.1665402050623553,0.12613088057901087,0.19038162553402752,0.32810051488694875,0.21733999247425853,0.7406745459786682,0.3055721495519621,0.2602056523613078,0.2314410480349345,0.44396459571556846,0.07691507850447854,0.28063006656560996,0.23860960610840592,0.07921845087969856,0.2844624061383087,0.152824207991963,0.1584922711953759,0.06447398619423406
