Predicted residue, True residue, Value
HIS,HIS,0.09156934658816716
HIS,ARG,0.026459003577978892
HIS,LYS,0.024455728710675306
HIS,GLN,0.024351628468033775
HIS,GLU,0.019179263401314327
HIS,ASP,0.02532460264159391
HIS,ASN,0.04378613211097048
HIS,GLY,0.009253387143268954
HIS,ALA,0.016283860335770933
HIS,SER,0.024105658518564128
HIS,THR,0.02343388404805506
HIS,PRO,0.013155456735223272
HIS,CYS,0.026009714650703345
HIS,VAL,0.016570788336424665
HIS,ILE,0.016025421210250784
HIS,MET,0.024431006715488163
HIS,LEU,0.01798537561071581
HIS,PHE,0.031628358131397985
HIS,TYR,0.042268371208555346
HIS,TRP,0.02867079780378864
ARG,HIS,0.06722324099990348
ARG,ARG,0.1245677861631438
ARG,LYS,0.10762855308469037
ARG,GLN,0.09386308805790108
ARG,GLU,0.07205288668818019
ARG,ASP,0.03233434072084173
ARG,ASN,0.05305647726884001
ARG,GLY,0.012232151436533103
ARG,ALA,0.042352456483674944
ARG,SER,0.045101902592204916
ARG,THR,0.05489706799750468
ARG,PRO,0.0329527800344921
ARG,CYS,0.03156518768289241
ARG,VAL,0.034638596755514964
ARG,ILE,0.03183366481494182
ARG,MET,0.056580266796317114
ARG,LEU,0.04681608027019051
ARG,PHE,0.031316578040288916
ARG,TYR,0.05234123472596163
ARG,TRP,0.05435799657504017
LYS,HIS,0.06295241772029726
LYS,ARG,0.1088126522144382
LYS,LYS,0.1665402050623553
LYS,GLN,0.11278648974668275
LYS,GLU,0.10373525300165924
LYS,ASP,0.04656368927691963
LYS,ASN,0.060701946430404
LYS,GLY,0.015268569232247526
LYS,ALA,0.03246472345246678
LYS,SER,0.05261375531063358
LYS,THR,0.06333890085122654
LYS,PRO,0.04305810920596913
LYS,CYS,0.020231428528987985
LYS,VAL,0.0300439690804154
LYS,ILE,0.028347392725693255
LYS,MET,0.047798474581421495
LYS,LEU,0.03815129356985933
LYS,PHE,0.02198049642318951
LYS,TYR,0.04467832733982264
LYS,TRP,0.043447557509312715
GLN,HIS,0.039209535759096616
GLN,ARG,0.0646441564689257
GLN,LYS,0.07527383801241269
GLN,GLN,0.12613088057901087
GLN,GLU,0.06830326230386329
GLN,ASP,0.036881576001790914
GLN,ASN,0.04429925084664591
GLN,GLY,0.0083789756894398
GLN,ALA,0.03169224430940364
GLN,SER,0.03446524228803645
GLN,THR,0.03707765681283078
GLN,PRO,0.02058123458901669
GLN,CYS,0.023291394958482495
GLN,VAL,0.023490975511011102
GLN,ILE,0.019545984500377204
GLN,MET,0.04606642559786077
GLN,LEU,0.031175197560415778
GLN,PHE,0.019365007881107857
GLN,TYR,0.027808634420951557
GLN,TRP,0.03130130819342196
GLU,HIS,0.060636038992375255
GLU,ARG,0.09380919450374335
GLU,LYS,0.13513881593027102
GLU,GLN,0.12907117008443908
GLU,GLU,0.19038162553402752
GLU,ASP,0.07772274457130066
GLU,ASN,0.057144323196387646
GLU,GLY,0.011943883924281733
GLU,ALA,0.040941394582346274
GLU,SER,0.06962317591281325
GLU,THR,0.06186988106976838
GLU,PRO,0.05212297430196263
GLU,CYS,0.025757193149240208
GLU,VAL,0.0275583508299517
GLU,ILE,0.024415335025032577
GLU,MET,0.054149320854477496
GLU,LEU,0.036241269633078665
GLU,PHE,0.02334886460083488
GLU,TYR,0.03769322011560258
GLU,TRP,0.05139205197464824
ASP,HIS,0.06123926261943828
ASP,ARG,0.040380047505938245
ASP,LYS,0.051810346504795816
ASP,GLN,0.05141737032569361
ASP,GLU,0.09833291961171137
ASP,ASP,0.32810051488694875
ASP,ASN,0.15899839222796155
ASP,GLY,0.024570000960891708
ASP,ALA,0.030147286023277372
ASP,SER,0.07561110769041315
ASP,THR,0.048205984746342544
ASP,PRO,0.04557375179943273
ASP,CYS,0.04119071315042854
ASP,VAL,0.009179840129553436
ASP,ILE,0.013545024346752624
ASP,MET,0.031845391838099
ASP,LEU,0.018075548414598158
ASP,PHE,0.02158211075121681
ASP,TYR,0.022216783085120404
ASP,TRP,0.03582084282259061
ASN,HIS,0.07721262426406718
ASN,ARG,0.03253254758110587
ASN,LYS,0.03706297787894706
ASN,GLN,0.040937876960193006
ASN,GLU,0.04148756875400112
ASN,ASP,0.13897750167897918
ASN,ASN,0.21733999247425853
ASN,GLY,0.02683770539060248
ASN,ALA,0.029930991863219694
ASN,SER,0.046240995012622375
ASN,THR,0.04165576640573119
ASN,PRO,0.023054118384857686
ASN,CYS,0.04876635819432272
ASN,VAL,0.013002419711705944
ASN,ILE,0.014013670758749971
ASN,MET,0.03479291379257954
ASN,LEU,0.017493523953175723
ASN,PHE,0.024474737152062078
ASN,TYR,0.0257940617174703
ASN,TRP,0.02792931165369066
GLY,HIS,0.02166779268410385
GLY,ARG,0.014131513274602363
GLY,LYS,0.016926399346290782
GLY,GLN,0.017264776839565742
GLY,GLU,0.023934884571667474
GLY,ASP,0.03563633310946944
GLY,ASN,0.048404200732049395
GLY,GLY,0.7406745459786682
GLY,ALA,0.06949222370995983
GLY,SER,0.06027953943722677
GLY,THR,0.025084015857364216
GLY,PRO,0.02555550804578042
GLY,CYS,0.05051915449859628
GLY,VAL,0.01012136219412302
GLY,ILE,0.0050750977299225015
GLY,MET,0.03622109453341031
GLY,LEU,0.011509328786438011
GLY,PHE,0.02158211075121681
GLY,TYR,0.018149982113606838
GLY,TRP,0.02531645569620253
ALA,HIS,0.053131937071711224
ALA,ARG,0.07916654138729366
ALA,LYS,0.07589641821825327
ALA,GLN,0.08082026537997587
ALA,GLU,0.10088057381011484
ALA,ASP,0.04263207969554511
ALA,ASN,0.0483699928163377
ALA,GLY,0.047160565004324015
ALA,ALA,0.3055721495519621
ALA,SER,0.10157933624776799
ALA,THR,0.038918962429316
ALA,PRO,0.06905545816051653
ALA,CYS,0.14359560909671573
ALA,VAL,0.050663302294489274
ALA,ILE,0.0316965000114304
ALA,MET,0.10222127685435595
ALA,LEU,0.07170377414171886
ALA,PHE,0.06985606152460465
ALA,TYR,0.049648861860561444
ALA,TRP,0.07118267040940628
SER,HIS,0.06731975678023357
SER,ARG,0.04086112029826513
SER,LYS,0.052131364423432365
SER,GLN,0.052322074788902294
SER,GLU,0.0666309559582446
SER,ASP,0.07444873516901723
SER,ASN,0.066209420859987
SER,GLY,0.03613913711924666
SER,ALA,0.0809661139149243
SER,SER,0.2602056523613078
SER,THR,0.09861549916487232
SER,PRO,0.0513675688772965
SER,CYS,0.08979367507909865
SER,VAL,0.025082147800133694
SER,ILE,0.013282125140022404
SER,MET,0.06429852016165791
SER,LEU,0.022272682558940222
SER,PHE,0.03372421318829785
SER,TYR,0.03791915350290889
SER,TRP,0.04973253535300037
THR,HIS,0.05013994788147862
THR,ARG,0.04612285396434048
THR,LYS,0.056538064942897724
THR,GLN,0.04998492159227986
THR,GLU,0.04746475745025542
THR,ASP,0.043303671367808376
THR,ASN,0.03460130674238018
THR,GLY,0.013000864802536755
THR,ALA,0.044381501699454116
THR,SER,0.08181454343944339
THR,THR,0.2314410480349345
THR,PRO,0.027615056797936174
THR,CYS,0.062135143565900684
THR,VAL,0.05477775371665835
THR,ILE,0.03423404887639165
THR,MET,0.04533714181530888
THR,LEU,0.033404925074597504
THR,PHE,0.04496561758439714
THR,TYR,0.04855685048858095
THR,TRP,0.050438712638807975
PRO,HIS,0.006273525721455458
PRO,ARG,0.0037283141405333895
PRO,LYS,0.006478725267028541
PRO,GLN,0.0017340168878166465
PRO,GLU,0.013496034804875818
PRO,ASP,0.01124916051040967
PRO,ASN,0.003301063866178634
PRO,GLY,0.00575574132795234
PRO,ALA,0.0061592337006900815
PRO,SER,0.020288159596083984
PRO,THR,0.004628418489525688
PRO,PRO,0.44396459571556846
PRO,CYS,0.010204839500304512
PRO,VAL,0.0026739226633776163
PRO,ILE,0.0023889536611572137
PRO,MET,0.016651979701601385
PRO,LEU,0.00521362756992491
PRO,PHE,0.0044168846240451734
PRO,TYR,0.002014572703481257
PRO,TRP,0.014617869816217361
CYS,HIS,0.013463951356046713
CYS,ARG,0.006314080399290417
CYS,LYS,0.003696569972178447
CYS,GLN,0.006332931242460796
CYS,GLU,0.002528056858415751
CYS,ASP,0.006478061338706067
CYS,ASN,0.013819997947525057
CYS,GLY,0.006389929854905352
CYS,ALA,0.022062004325883202
CYS,SER,0.013345853087864047
CYS,THR,0.012184814762642627
CYS,PRO,0.005686920083807243
CYS,CYS,0.07691507850447854
CYS,VAL,0.016118857745431266
CYS,ILE,0.009532953844043618
CYS,MET,0.016348111458871432
CYS,LEU,0.01172246450470538
CYS,PHE,0.01669755599050803
CYS,TYR,0.013970214448440118
CYS,TRP,0.012728845576682026
VAL,HIS,0.04487983785348904
VAL,ARG,0.05177545927418142
VAL,LYS,0.04473822447907547
VAL,GLN,0.033398673100120624
VAL,GLU,0.03139493866032584
VAL,ASP,0.01568446384598164
VAL,ASN,0.017086853897991996
VAL,GLY,0.003939656000768714
VAL,ALA,0.04353692450303842
VAL,SER,0.01639369496952158
VAL,THR,0.07274666452015374
VAL,PRO,0.027472527472527472
VAL,CYS,0.07788060189242584
VAL,VAL,0.28063006656560996
VAL,ILE,0.2109023157990993
VAL,MET,0.05879850496824577
VAL,LEU,0.09252549431091583
VAL,PHE,0.08605130514610361
VAL,TYR,0.07871895769397323
VAL,TRP,0.0654802888265099
ILE,HIS,0.034480262522922495
ILE,ARG,0.049760966956312574
ILE,LYS,0.03118737718632658
ILE,GLN,0.0244270205066345
ILE,GLU,0.02159626866646634
ILE,ASP,0.010955339153794492
ILE,ASN,0.012195121951219513
ILE,GLY,0.0023541846833861823
ILE,ALA,0.02925121021732413
ILE,SER,0.009728464995997783
ILE,THR,0.04742116595898819
ILE,PRO,0.018813870953948774
ILE,CYS,0.04291380104276526
ILE,VAL,0.16885256705990906
ILE,ILE,0.23860960610840592
ILE,MET,0.04852775836397338
ILE,LEU,0.09535364134177132
ILE,PHE,0.0710165763081773
ILE,TYR,0.05418635738896315
ILE,TRP,0.059901488268629836
MET,HIS,0.02043721648489528
MET,ARG,0.02952584262906281
MET,LYS,0.015214303780229187
MET,GLN,0.026085645355850423
MET,GLU,0.013182477365072314
MET,ASP,0.008646742780389523
MET,ASN,0.013854205863236753
MET,GLY,0.004679542615547228
MET,ALA,0.027644453599752806
MET,SER,0.01152946247152269
MET,THR,0.015957982009538567
MET,PRO,0.010490158350080528
MET,CYS,0.030540247471071435
MET,VAL,0.02471495419495156
MET,ILE,0.025226893445808474
MET,MET,0.07921845087969856
MET,LEU,0.04479129094665049
MET,PHE,0.03065837562572532
MET,TYR,0.020578766027149663
MET,TRP,0.027258443232173437
LEU,HIS,0.07453431135990735
LEU,ARG,0.1098048648486124
LEU,LYS,0.05624623047140995
LEU,GLN,0.08813329312424607
LEU,GLU,0.04790243137664781
LEU,ASP,0.023827512872173717
LEU,ASN,0.039356207026305885
LEU,GLY,0.010329585855674065
LEU,ALA,0.08181069111134
LEU,SER,0.02869281448186688
LEU,THR,0.05462539995572817
LEU,PRO,0.04583743105143883
LEU,CYS,0.08532255908260424
LEU,VAL,0.11489393753942624
LEU,ILE,0.17242758841414627
LEU,MET,0.15977392202740892
LEU,LEU,0.2844624061383087
LEU,PHE,0.1579166161467445
LEU,TYR,0.10189595767514545
LEU,TRP,0.1281358685097894
PHE,HIS,0.06611330952610751
PHE,ARG,0.030818725758441325
PHE,LYS,0.01685830463627697
PHE,GLN,0.01643546441495778
PHE,GLU,0.013946773624593355
PHE,ASP,0.01574042981867025
PHE,ASN,0.028683337324256833
PHE,GLY,0.0088209858748919
PHE,ALA,0.028561128849521063
PHE,SER,0.018240871867495845
PHE,THR,0.02853520616585837
PHE,PRO,0.018172488989609614
PHE,CYS,0.05356426672212237
PHE,VAL,0.047396220730432814
PHE,ILE,0.055277415815101844
PHE,MET,0.036707283721778235
PHE,LEU,0.05937469259271404
PHE,PHE,0.152824207991963
PHE,TYR,0.1272946359648297
PHE,TRP,0.08324064756457109
TYR,HIS,0.07048064858604382
TYR,ARG,0.03277308397726931
TYR,LYS,0.01916379696103037
TYR,GLN,0.016887816646562123
TYR,GLU,0.015880377836714962
TYR,ASP,0.01775520483546004
TYR,ASN,0.029213560017788118
TYR,GLY,0.008455847026040166
TYR,ALA,0.02488412812854053
TYR,SER,0.01962625454097654
TYR,THR,0.029078542249411386
TYR,PRO,0.016412251820812133
TYR,CYS,0.04223050756821794
TYR,VAL,0.0375008238318065
TYR,ILE,0.038188967377637564
TYR,MET,0.027500075967060684
TYR,LEU,0.04149588484113192
TYR,PHE,0.1044463305215388
TYR,TYR,0.1584922711953759
TYR,TRP,0.07457232138128277
TRP,HIS,0.01703503522825982
TRP,ARG,0.01401124507652064
TRP,LYS,0.00701375513142279
TRP,GLN,0.0076145958986731
TRP,GLU,0.007688689721848421
TRP,ASP,0.007737295724199686
TRP,ASN,0.009578216399274793
TRP,GLY,0.00381474007879312
TRP,ALA,0.011865279637449789
TRP,SER,0.010513515177636846
TRP,THR,0.010283138470207072
TRP,PRO,0.009057738629723066
TRP,CYS,0.01757252566064081
TRP,VAL,0.012089143309073448
TRP,ILE,0.015431040395034634
TRP,MET,0.012732079370385
TRP,LEU,0.02023149818014887
TRP,PHE,0.032147991616579774
TRP,TYR,0.03577278632349896
TRP,TRP,0.06447398619423406
